id,Amount,IP,IBAN,CC_ASN,IBAN_CC,Timestamp
1,62424,192.205.55.34,BE56 3327 4814 3080,,,1376261434
2,81830,193.56.95.39,ME90 2219 7390 6349 1829 58,,,1427875490
3,77199,186.163.222.248,AZ66 TRJX 3ECE 48QN IOO0 IS6V JGCY,,,1477585602
4,25566,117.77.199.22,ES09 9845 2044 9679 3273 4279,,,1472332939
5,24778,1.98.201.132,LU27 914T UVX3 KBX9 INIR,,,1363170838
6,73797,156.183.222.144,FR31 3508 5962 40NI RAB2 LGKG G20,,,1383513095
7,15524,239.186.94.241,IT45 T480 2921 0448 3IBW SBY7 ENB,,,1318431248
8,78439,157.80.99.1,PL32 8320 0868 0338 1900 6688 4481,,,1333296159
9,89812,232.202.2.66,VG90 PZUZ 0440 2207 2455 3548,,,1308758997
10,45252,61.221.134.58,FR42 5994 8490 799V XTFE PM13 O33,,,1376593613
11,62223,22.12.210.167,GR81 6893 836T IN4Y IQRA YCH4 CAX,,,1381543621
12,25548,144.143.120.2,ES47 8451 5570 3480 6995 5111,,,1370280602
13,32762,6.141.227.199,IL48 7368 6762 9500 8154 162,,,1331013593
14,45685,145.12.43.136,VG49 RGIZ 0450 2322 3080 3861,,,1434596288
15,55739,144.124.198.166,PT24 8843 2892 9429 0147 1522 4,,,1472198721
16,81454,183.141.140.149,FR17 1020 9938 83YM THVQ K7ZJ 131,,,1412650904
17,65614,239.220.184.237,GI75 STGD PQ00 WVKP XO9R OGT,,,1383187470
18,23567,247.140.187.1,HU40 1803 3448 2133 2889 5468 2872,,,1412417151
19,30090,242.195.21.166,SE71 4947 6067 0769 0215 1652,,,1343948347
20,58143,175.237.238.22,MT46 QHEG 0571 5SI5 POA0 DDLM 2QS6 BJK,,,1424856575
21,14458,215.186.20.213,BA02 1253 7299 8876 0040,,,1352532196
22,74179,84.225.148.209,AE59 8416 5102 4306 6334 939,,,1384283401
23,83734,172.6.246.150,FR74 0182 2551 44N4 AEI5 CX2N S92,,,1315959755
24,66651,200.110.17.236,LV04 EQXK N4TM AXDC IETX 9,,,1466608579
25,20812,157.199.232.56,GI78 UNXR WQQK 3ERI 18DH MQL,,,1323649403
26,24180,187.82.53.102,AE44 8722 3923 3742 5224 337,,,1452920007
27,24163,188.25.69.116,IL57 6997 7013 4684 9311 747,,,1479749868
28,6718,154.78.225.144,BH66 LEEC BVSA MZH2 VXIW 1M,,,1420681134
29,44769,10.248.13.173,KW25 JPVG PID2 G7QL BWEW VDSN YH0T GK,,,1461279435
30,48866,5.117.78.122,FR07 6221 9760 341G FU67 IUAV 235,,,1382707327
31,16636,246.117.66.11,VG18 KMSL 3396 8998 1319 5301,,,1481456742
32,72545,8.206.207.116,BH65 UNVR W9J5 HPRX DKTL 5G,,,1359363641
33,66472,1.228.28.50,LV62 KYZW GKMW VIPO MBSV A,,,1419534371
34,28877,134.211.94.8,SE82 2479 7533 3924 5391 6302,,,1466200581
35,62096,163.189.45.177,AL04 6547 2406 8OPX WNLA FBIT DSKM,,,1307024015
36,33963,152.167.69.239,CR04 9871 6413 9358 8840 5,,,1432326758
37,20991,231.218.148.220,FI06 0068 6264 9266 47,,,1388657453
38,89934,131.235.17.161,NO05 4837 3642 997,,,1392337359
39,13180,112.105.193.134,FR96 2518 9435 37VQ NIHW LX0T 111,,,1331067112
40,84678,49.169.227.34,GI33 ZCYF SBBA RJXT VINS ZEH,,,1458650514
41,74521,9.65.133.172,ES77 3787 1493 0322 5845 9562,,,1454074255
42,65507,103.130.40.196,KW48 ZLAA EQYW 8EIR FIO2 7EME U7CR RZ,,,1442998185
43,46191,114.96.88.98,HR33 4507 4528 8130 5657 5,,,1426796354
44,68126,16.29.130.182,SA17 32KA 1MVT 9XBE 9FKM IPVG,,,1413452557
45,14624,100.50.181.142,FR08 4918 1741 57OV RYLC 3180 S60,,,1367722952
46,65176,16.186.30.122,MD48 PNDZ ORVX APRE 1M4N UU3V,,,1306476225
47,23664,173.27.13.44,CZ06 9311 5746 3601 3956 5166,,,1311718420
48,6173,218.130.196.10,FR77 0319 6574 91NB P9QH UAA9 562,,,1335301398
49,8408,50.234.157.234,CZ24 7863 0616 6260 6891 4952,,,1441023292
50,65205,4.101.232.92,KW10 LKSJ NO3X 7ZY0 GATZ MHLL BX7A L6,,,1471488452
51,28949,247.65.235.115,SI04 6087 2533 2898 969,,,1321199085
52,76683,208.102.204.229,MK59 460X RA1S ISWN H47,,,1353823637
53,12259,28.129.236.85,IT96 M227 2413 8326 FENQ FVC2 JLV,,,1395732934
54,58889,67.26.153.193,LT91 0866 5828 2244 1048,,,1432948934
55,24018,94.204.232.230,EE50 0491 5729 9666 6866,,,1344922901
56,82038,177.243.155.225,LU80 105E SZIC QMTQ 4GNF,,,1491345277
57,32455,170.54.39.73,SK16 2322 8895 3389 4360 5585,,,1372361925
58,62572,130.203.162.35,DO38 DBXI 0420 9852 6312 0204 8126,,,1318156118
59,21137,9.247.119.74,CZ68 6959 2585 0274 1188 6743,,,1361211917
60,11119,72.253.227.255,BR11 7274 0365 6397 9468 3373 225O 9,,,1383273694
61,81623,70.230.36.45,GB97 ABCO 3077 5919 8129 59,,,1294819030
62,41884,214.131.242.84,IS41 2732 5551 2633 2761 8681 14,,,1362604866
63,84796,154.146.15.201,EE03 4890 7294 0358 5020,,,1368645468
64,49917,68.134.101.214,GB75 XMDF 9905 7990 4340 09,,,1361056430
65,29828,109.182.250.240,SM61 T030 7202 7333 3YN2 DWJF TAO,,,1479394782
66,61207,195.25.22.88,PL34 8838 1396 8602 1424 8964 5434,,,1457043365
67,69310,105.34.1.247,FR15 7156 0339 19DO NYHJ D9HE K96,,,1369311937
68,38773,241.187.17.10,SI93 7286 4890 2136 448,,,1368799604
69,67429,229.165.196.250,LB21 2395 MHNT 98WW 540N AQHT LYBY,,,1311748100
70,7228,35.253.199.151,SA17 625N GVTU TWHV LMAZ K7XS,,,1312948409
71,83402,140.53.2.218,HU46 6090 4237 0258 3327 6913 9269,,,1371824797
72,36800,106.222.119.126,LU73 050Q UZAG QMUT GL88,,,1449163321
73,41374,116.13.57.90,FO68 5929 7970 0692 23,,,1465079740
74,44277,220.62.42.73,GB58 EFOZ 7976 1658 6155 81,,,1380530207
75,86556,186.151.10.241,RS35 1194 1897 5056 8215 90,,,1436346547
76,32904,172.95.22.184,FR28 5353 3143 75NM HN6T MKAI 639,,,1400867540
77,60024,71.106.220.26,GR12 0589 688T XM9N IS5N WIHZ 7A2,,,1458344103
78,31550,59.143.193.255,DO24 ODG8 0710 7882 9475 4185 8734,,,1378456051
79,38605,87.32.75.156,BA36 0641 2776 5962 1831,,,1403380297
80,27721,0.181.95.248,GT46 E7J7 7YBO AQWA GZS3 OIL3 35QK,,,1473318785
81,16729,159.128.245.29,TN03 5341 0925 0902 3974 3280,,,1487800280
82,73514,228.151.110.74,FR22 1960 3320 85SD JJCP NX8N P62,,,1339300371
83,76758,70.208.115.211,IT44 N301 5180 177H LZQA 7J60 XVZ,,,1385531849
84,9559,228.177.30.233,HU10 7398 9064 7059 1838 7301 0707,,,1378575199
85,65086,183.18.175.224,MK65 603V TQRN OLBH M67,,,1366385380
86,71640,30.16.231.187,RO26 XOMH W7WS MUS1 AURK UPTL,,,1446446052
87,24043,62.167.170.27,FR08 3592 6700 023P 5RIP MXUF D46,,,1298291151
88,16028,136.184.105.130,CZ54 2340 8360 3535 7795 1313,,,1325827190
89,54031,150.118.49.0,AT62 5260 5442 8607 3061,,,1317284251
90,59829,111.220.153.131,MC13 5037 3159 240S LXAE M9BU J95,,,1460098271
91,76326,46.94.186.224,LB09 5001 GRF3 HASE ZKPH RZW1 DJID,,,1486035360
92,63500,27.221.119.123,HU90 9520 6969 4461 6472 5209 5257,,,1398127172
93,74341,245.141.56.13,MC24 3857 0509 38MA MZDS AEM3 A21,,,1339908373
94,22369,155.205.170.87,HU92 5483 1749 2495 1742 1421 1274,,,1373641322
95,8486,215.38.151.78,MD21 1SZ4 W7RU ZNUZ FZUT OBF2,,,1412126550
96,88318,79.118.11.68,MK69 250P 0J2V 8N81 N87,,,1410213502
97,17196,66.37.57.82,FR48 8496 0242 55ZE QTPQ M98I N54,,,1318505558
98,46655,72.241.183.116,BA18 4415 7048 0148 9502,,,1460140107
99,64836,194.133.240.148,FO42 6766 4883 2540 35,,,1385875177
100,10533,119.200.25.26,GI44 UUWX ATJW DAEC 6DID 02C,,,1485746158
101,82533,227.192.114.134,DK81 2613 4408 1167 27,,,1402560515
102,33574,232.87.245.150,LT32 7952 2962 7196 7272,,,1346857516
103,74056,104.221.22.147,SM80 M102 0282 4131 O19Q SDPJ UF0,,,1362261136
104,20592,71.172.26.33,AL04 3017 7926 KAAV SVCN P10Y H8ZA,,,1391394561
105,35345,229.184.224.146,BR69 2346 1751 4070 2360 0410 911W G,,,1454306519
106,72962,159.73.68.99,DE22 7807 4168 1599 7697 29,,,1389483405
107,60636,203.201.248.141,GI74 ZOXC S9CP WB5K OI5E 399,,,1421226462
108,78143,225.35.229.177,EE38 4150 3594 5118 2982,,,1374069847
109,40096,236.137.59.82,TN29 8509 0258 5208 3760 6404,,,1413398989
110,81360,12.111.82.33,FR57 6821 6955 69N4 JYBK YTNS C34,,,1446057820
111,14561,216.151.241.92,MD81 510U LIPX 3XR8 91KV 9HRH,,,1327964106
112,65769,29.156.194.138,DO75 PGX8 0923 2787 7915 0110 8642,,,1436009006
113,48680,234.67.181.94,BE06 4316 5099 6375,,,1425934752
114,56821,86.80.97.254,FR62 6148 7594 877C ELID RGAC Z50,,,1306812773
115,47237,1.168.240.64,SE82 4984 9408 7326 1835 0624,,,1412625457
116,76747,214.25.81.44,DO25 NJKP 8731 0799 2327 5802 9649,,,1424478549
117,54369,61.71.182.218,FR78 6541 0163 77OY KJU5 CYRI Q29,,,1340839101
118,22383,96.44.196.116,FR36 4996 8624 70Y4 V0YB MSBU R49,,,1399574677
119,88446,80.129.110.52,FR32 7464 9096 53YW IH1Q IGT4 A62,,,1393449842
120,21778,4.104.90.175,ES91 5729 5819 2849 3525 4742,,,1464869364
121,46058,247.172.89.160,CR09 6080 0467 4180 6811 3,,,1363464361
122,84466,91.132.253.239,SK85 5332 7845 1685 1310 1262,,,1379831579
123,44261,42.158.48.180,IT91 H102 0264 506V VUDU D4DM EWJ,,,1411704045
124,52054,134.253.49.232,HU63 4078 9795 5355 5896 9467 6743,,,1361368068
125,49901,79.47.69.193,AZ25 VLID F3WV MRJU TQP4 XWCF P6LA,,,1412704058
126,62108,29.50.168.155,FR31 4658 6640 123H ACIE ZWTP 950,,,1329381908
127,50960,143.231.49.220,FR63 9542 0634 444D OFJN RRCV X69,,,1483421155
128,32956,192.238.119.38,DO44 A9KO 5164 3510 2035 7063 4832,,,1336239879
129,68843,147.198.123.17,FR20 7054 8918 35AG EKKZ QSYH O38,,,1398284397
130,81592,55.138.190.104,AT37 1689 3907 9397 0720,,,1366058266
131,30585,220.103.63.87,IS30 4275 3660 6884 9935 3747 94,,,1353485804
132,34299,50.125.37.73,DK09 0091 9471 4790 29,,,1348165769
133,47672,61.247.103.183,ME54 7510 0735 0873 9685 39,,,1390268277
134,89247,55.253.74.98,NO30 5192 7483 248,,,1430405054
135,48994,130.235.184.140,FR44 4978 4012 04NV CWHZ BOLB 072,,,1457697439
136,55171,37.247.186.168,BA98 8574 5264 6332 6815,,,1342821746
137,11553,114.122.121.228,KW88 ETNK UZB1 GMV9 9EZ8 NQNE AACU OK,,,1388371586
138,34248,232.90.154.47,FR03 1810 6340 90BG OTMF GYHI U68,,,1358214541
139,81043,163.173.115.78,FR35 9241 6763 78VT 60BG ZO4L P03,,,1384355724
140,42505,50.151.196.229,TN55 6187 3016 4232 6307 7799,,,1376625696
141,7623,97.41.31.86,PK51 UWWD ETJO RMEX E8FQ VOTI,,,1407379815
142,74563,193.240.122.163,FR30 6456 5485 9809 PGSZ JQNT P07,,,1473667382
143,18155,114.51.55.147,MR97 1271 3759 6457 5696 5199 017,,,1433953990
144,67188,186.12.4.63,HR48 0819 1453 3096 4853 2,,,1337115601
145,32170,57.232.64.30,MU17 ZRYQ 5084 4727 1329 8301 775J MH,,,1305459526
146,10332,16.213.113.52,RS46 6002 3742 2973 8935 35,,,1360306316
147,32939,195.203.49.208,SK91 9870 4265 5925 6334 5715,,,1465300782
148,38918,31.209.171.77,MT95 RDOD 4575 2J3J V2GG D7WN LA8B ZB6,,,1324083313
149,24379,66.144.151.248,LI33 5150 8OZS 2J2W XKRL T,,,1341728441
150,52776,139.51.21.26,FR37 6660 0582 67HJ 3ONY LRDY 356,,,1318672145
151,52295,155.198.11.150,FR10 1341 7244 242J VSUS 3GDF H31,,,1327442818
152,15834,117.106.181.31,KZ69 6752 CVDE ZLAX BE21,,,1343478203
153,80168,89.59.49.209,BA30 1210 1035 0676 7757,,,1424215656
154,83672,247.22.32.189,HU96 5533 7620 1045 8043 0762 4275,,,1311487629
155,73546,204.183.177.88,FR13 0861 6616 00EX LSKV 0YUY Q34,,,1321782774
156,72952,225.202.26.67,HU05 1344 3496 8512 9185 3220 8323,,,1338552112
157,22182,57.110.225.132,RO31 YJYR 6GOW AT5P UPX0 SUKJ,,,1325909304
158,23145,155.153.42.113,NL23 KNRM 0963 5863 05,,,1297827836
159,39349,11.85.81.43,HR04 9543 3353 4420 2395 8,,,1334264285
160,23025,250.95.222.116,MD96 ZTXS EB75 R606 L9QL RGKJ,,,1427654006
161,77295,166.98.239.14,IT93 Z703 5741 814I USK7 WBWJ U2B,,,1342200510
162,17408,195.238.86.232,GB68 CVKQ 8861 3486 8952 86,,,1414971252
163,6813,71.57.126.38,BG47 ZKLH 2050 51YG H9PO 81,,,1316947925
164,28510,124.57.169.36,ME75 2389 4996 4030 3159 19,,,1354252346
165,43275,172.61.83.112,CH13 5957 88C0 QRH5 S2YM V,,,1366488827
166,7339,207.230.174.210,ME24 3764 6486 2317 0052 58,,,1312445859
167,43092,17.25.75.241,PK20 CDKQ LDSC U55B EY55 7DHR,,,1358023148
168,22776,200.40.130.0,FI94 8628 6470 6193 71,,,1305197584
169,7870,249.54.18.5,PS93 IPGF 4083 UMVW XBHX HIKJ SPFG L,,,1336467024
170,45479,131.160.50.87,FR92 5769 1104 09YO UPDK FGC3 B68,,,1307094170
171,74858,83.68.96.161,CH61 6908 7SF6 BACF UDLX W,,,1295999802
172,64660,110.119.93.169,GT31 RYLN ZWUF G760 IPS2 2L9H 5SXJ,,,1435047092
173,18318,239.238.79.136,CZ04 6327 7963 2226 5552 4196,,,1477549249
174,21886,225.51.121.150,SM89 A053 6355 2537 FCRS VADK GFM,,,1482432940
175,86038,188.127.83.216,LU69 707X FGL1 JI5D KJQL,,,1484018622
176,37876,73.106.145.175,FO43 4148 3757 5332 72,,,1319514450
177,8543,204.116.223.26,SA86 85LP R8NH JFHU 6PIC 2RW4,,,1395724023
178,54384,183.96.98.112,CH61 7208 56Q0 H5DX KOCW F,,,1301033336
179,13272,27.100.244.213,IT86 U663 0196 231N SCAJ 1XOG GQD,,,1415947137
180,52901,152.113.87.123,KZ56 849V F8MC 5ODJ SOOT,,,1360806621
181,34368,111.199.25.147,CY29 4961 1734 IDON ZOKP 26VE NGEG,,,1461795981
182,26607,9.170.201.66,GR07 1855 4732 PTQM 9EXM PQYP M2H,,,1375588525
183,5966,81.177.120.45,TN52 9308 9797 2785 3317 4799,,,1300776365
184,32379,194.108.80.165,RS59 2203 1767 8778 4071 95,,,1459448016
185,47509,66.237.170.233,IT83 C585 3719 304F Q5IA PBB4 K7K,,,1340942838
186,15296,82.189.249.10,PL75 8349 5795 1534 5737 4427 1685,,,1471061065
187,6796,161.112.128.235,GL59 6139 5963 4839 21,,,1421220983
188,82370,18.127.133.76,AT65 3033 6829 6692 2464,,,1312326147
189,38336,136.55.194.61,FR70 7098 0772 61MT YXW7 Y9T6 P06,,,1381104011
190,44089,66.65.64.232,BA19 2971 5826 0654 1609,,,1485425876
191,85187,197.115.153.146,MU45 RASP 8110 6033 0068 3263 080O QC,,,1459208929
192,47736,78.83.11.180,RO49 DAXP 9L6T IL18 PFLQ QVAN,,,1325087204
193,46491,53.234.29.99,IS37 3829 7209 1534 8788 6411 19,,,1477164165
194,35548,182.16.100.58,FR76 7714 8345 3099 DGKU 1GMJ 371,,,1475647083
195,70071,141.159.197.3,FR21 7169 4480 27RY 1FQN FMGA I12,,,1387305920
196,75626,111.51.177.155,TN58 4026 5956 2726 1244 3297,,,1408541450
197,78991,74.108.212.243,IE60 GXYI 4178 3954 4743 47,,,1400111900
198,58242,102.71.142.214,ME68 0816 7955 9929 0999 03,,,1325696389
199,41550,226.19.116.48,GL67 1498 8237 7548 39,,,1482707985
200,8489,85.95.209.198,LV62 EOVC OUN8 N9IY PSAW P,,,1457617361
201,82410,254.111.61.76,DE41 5963 1610 3353 8603 25,,,1310838378
202,24438,208.126.73.25,FR77 5518 2069 95BN PJSQ 47QP S15,,,1422816774
203,77333,13.124.203.134,ME75 2947 8942 5859 2770 87,,,1478144585
204,84797,214.4.159.109,FR59 7089 9814 48KT BXHL XEEM U09,,,1352044451
205,25574,65.170.92.193,AL89 1020 1758 M7XG 0QEH 8Y71 CIG8,,,1459433468
206,89306,134.108.249.101,VG52 CUPE 5494 1314 7335 4318,,,1398469046
207,37409,208.9.53.234,FR28 5528 6077 799X FJ2H HUVM E96,,,1487205337
208,32805,0.156.237.75,KZ41 898X LHUP ILWY J14Y,,,1492925095
209,82077,205.24.139.103,IE20 HWVO 2555 7036 5940 66,,,1467712403
210,58870,202.166.41.218,IE23 CYVV 7743 9178 9888 15,,,1309873322
211,57758,127.197.67.78,NO56 3936 2658 978,,,1384793330
212,63299,84.216.223.37,SI55 5335 8900 6109 836,,,1453024724
213,28474,182.99.150.191,FR02 7205 1933 8249 Z3W8 CFGV I90,,,1358685410
214,40187,70.51.171.34,SM31 R099 3537 918J TNAG JYXZ A66,,,1365488780
215,16946,94.242.189.203,FR13 9067 2104 71JY 75CD RDIR A46,,,1361817542
216,26360,74.165.252.162,IS42 4652 0669 8514 8551 8316 60,,,1385568617
217,33064,33.53.126.147,FR73 1216 1629 058Y IQ9C UGCS Z93,,,1349998635
218,57152,43.214.146.219,BG46 GEJG 0275 77EQ RC4R TQ,,,1488694627
219,55133,4.156.102.241,NL18 WLPW 1932 9406 08,,,1311930405
220,85005,217.254.103.253,CH90 4571 2GZA F3HC TCVU T,,,1416978324
221,73470,106.44.180.231,AL65 8843 7549 VR4F 3OO0 SQ6J NAL4,,,1341502681
222,82259,248.142.125.97,BH61 HNSO J5N7 CTH7 94UY SP,,,1432045440
223,70781,178.33.194.14,GT09 HQJ8 IYZH FYD6 ALWW NXRV H4TT,,,1356014054
224,88303,18.67.150.253,FR15 8658 9626 15SA ZTK1 EV7Z J87,,,1377004370
225,86915,227.61.44.30,PT06 1559 4099 5415 7680 4430 5,,,1393349530
226,20820,149.196.55.200,MT51 ZWZE 4075 92QB ATI6 LBVW D8R3 UDJ,,,1315695790
227,16789,48.77.18.139,PK65 QTWN EEO9 NXHT 1VB5 XCG5,,,1331644759
228,79334,218.124.205.223,NO37 8791 1134 294,,,1321415475
229,30070,172.160.39.214,FR32 0859 9441 57OC VZPU 9VIT I83,,,1411083766
230,85362,3.145.149.138,NL78 MKQN 6662 1826 73,,,1488450254
231,53191,103.249.189.40,HU66 3023 0322 7001 9615 5979 4312,,,1334048184
232,84237,76.162.17.249,AD65 9423 6035 P7ER JS8F HKGL,,,1407879969
233,42664,43.145.84.156,FR50 1773 3081 65KE E1T3 X2UA M30,,,1394836268
234,15869,248.194.161.165,LU51 576Y R3ZO US92 VYWZ,,,1489832856
235,66434,107.98.6.208,MR75 2412 2859 7334 3023 8479 823,,,1307807903
236,43109,32.109.43.55,BG72 GDBZ 2240 50PB QIGY ZC,,,1409655630
237,81332,174.65.233.154,SI21 0561 4044 8586 837,,,1366623348
238,23531,143.98.97.126,FI09 8290 4877 3284 61,,,1310241078
239,6201,16.253.202.44,FR51 5396 7655 41UF MRFX YYKD 803,,,1400503413
240,52114,64.230.135.45,FR80 0193 1060 158P VI0H EI0P X75,,,1463129411
241,22024,102.126.226.98,AL04 7188 3863 SAAH URQV AUCV CJNQ,,,1350654961
242,21384,114.158.138.149,KZ70 982R QNDN OFOT K7EL,,,1453363604
243,65668,33.32.57.234,MU33 PQVN 5723 3528 3999 3559 390G YR,,,1352500120
244,68726,205.119.170.89,FI26 9860 4706 9716 05,,,1386118370
245,72338,65.150.141.128,HR77 0069 8465 3353 5069 8,,,1370587849
246,43304,65.234.109.172,SI28 9290 0229 1829 606,,,1480967595
247,68776,114.115.112.141,BA63 0621 5078 3777 4425,,,1431181064
248,14237,71.240.77.184,TR72 0236 7L9X WODK YC9H Z7OP 4N,,,1388995590
249,68341,53.36.215.7,GB42 UHFT 1333 1009 5687 80,,,1381458808
250,39228,115.40.187.13,FR46 9952 3094 575V EIXS UGML G37,,,1489887755
251,18491,52.76.17.3,SI47 9788 8316 7195 995,,,1431105198
252,50012,71.50.5.104,GB75 AKMH 4044 2901 9886 10,,,1414131767
253,41646,29.35.252.190,AL83 4002 8544 6XKO XJKI FU9O WVHA,,,1326382632
254,45530,7.71.182.129,PS07 FSTZ ICWG 6HNK R4CK 5JOE EBNV W,,,1296373531
255,59151,224.236.101.137,PT58 7418 2018 5638 6294 8472 4,,,1468490561
256,33422,18.13.185.55,BR49 1994 7935 9301 6123 9018 518A U,,,1494097332
257,11086,48.179.156.6,BA39 6625 9860 4269 1393,,,1480441375
258,16028,30.51.184.232,MD68 CDVT IKYN 1QWO LQ5Y NZ2B,,,1458938350
259,13074,17.153.130.227,PS72 ROGQ YA2G MCN6 DVBV UURX BEPB Y,,,1426091010
260,80924,9.199.200.24,DE86 3589 7695 4120 2421 85,,,1370377304
261,30486,183.3.239.201,IE64 SLAT 7664 9662 0473 31,,,1351463854
262,17474,18.250.87.209,KZ48 260L BHET W6VC LVU4,,,1327133335
263,86600,78.167.133.189,VG45 JKGQ 4283 0159 1939 9457,,,1436246292
264,42825,254.78.46.43,MD64 DAUE LW79 HTIM PZC3 TQKG,,,1466848275
265,22046,236.226.233.138,FR67 4014 5483 67PL XHNJ ALBN L93,,,1320567908
266,86138,22.229.27.117,MU53 NOAN 8655 5900 1584 5158 997C QL,,,1473318809
267,37656,218.107.110.238,DK97 8039 8430 7833 63,,,1468030345
268,29452,238.170.110.133,BA77 5294 7502 4462 0828,,,1494131318
269,68318,112.165.65.210,KZ63 0407 8VTG IIQC VFTM,,,1463601080
270,75104,172.252.116.205,FR60 3451 6155 41TV Y1WE SOGO D56,,,1362320282
271,85473,199.39.51.62,HR75 5668 5224 9739 0136 5,,,1396788318
272,80228,213.65.52.198,AL40 3334 1890 NWN1 BF2R KJLV IC4S,,,1329512628
273,76898,9.16.196.185,KZ72 355C AHY4 IDHP DRNL,,,1463777176
274,35206,204.103.16.44,IE30 SEZK 5882 1159 6665 47,,,1492575840
275,13654,159.238.103.47,CH76 9508 9YWQ FJPU DN2H M,,,1295058701
276,41935,148.225.178.253,FR67 2854 8736 42AX N9RJ IS0H M54,,,1331133590
277,47023,178.142.194.179,MR31 9297 6340 5440 6197 1001 550,,,1478273579
278,34692,182.99.126.121,FR05 0391 1100 190I C4GP JWBS T94,,,1484408121
279,50275,194.70.45.215,SA91 07QF JWDB KHDB MEEE MTF4,,,1322078215
280,70173,185.198.15.220,FR95 6977 6838 69BH TJZD WHEA U58,,,1335292566
281,8366,104.73.166.94,CH05 8456 8LSZ BL7D FJAV A,,,1378903478
282,76099,204.126.5.251,FR30 0925 1319 25ZQ NLIW CKW6 R96,,,1397031708
283,15698,86.151.251.186,IE95 OCHH 6650 7355 3391 05,,,1332184143
284,36242,187.41.157.155,FR38 4887 9898 40IW IKWN E0IY N94,,,1418498888
285,27040,247.80.226.105,GE17 HL94 8764 9651 1299 41,,,1370923482
286,38579,237.206.73.180,FR05 9582 3230 05S8 2XO1 3HTM O51,,,1298894621
287,66302,107.75.178.83,LU69 899U VPII B20X 2CR0,,,1314845151
288,37606,223.48.153.35,LT80 5519 1745 6385 1716,,,1483689498
289,42121,69.92.104.226,IT21 I851 4923 877W TI5J P2BG BKJ,,,1375482968
290,62777,234.252.39.236,MU20 SMHS 7365 3520 2201 2070 927B FI,,,1302651695
291,15508,78.247.227.223,AZ41 TLSK JCT4 J0CN YO8P PKIB BNZP,,,1360547155
292,88149,45.27.134.127,GR69 6947 270F 4QF1 CDWF YS9N 3MH,,,1456402093
293,70627,71.96.13.80,SM43 P263 3680 420P RHDR AMXN BQY,,,1435112873
294,59481,167.15.76.95,AD81 8294 4374 M4UB M8FW W4KE,,,1309212765
295,34271,9.90.28.230,FR43 9178 1671 616H BGQO HJET A93,,,1338657616
296,72917,218.182.170.3,SM31 Y903 5794 675X AR7Z 9IRN X5K,,,1414548640
297,9534,180.28.86.144,PK91 EQEY FUWS LZJN RDWR 6XPP,,,1423991111
298,48908,16.226.70.2,AT30 0222 8116 1304 3111,,,1414436225
299,55102,196.29.52.196,CR56 0424 9508 0618 4152 1,,,1308060149
300,51356,82.168.231.42,FR26 9318 8947 6633 TBJV YHOS F76,,,1465698142
301,27952,10.152.71.131,FR68 4607 1382 51NR XDLP PODQ L75,,,1489432670
302,19582,39.179.72.235,LB10 1316 EFYB DM4U GD8H FO1K 3XWY,,,1312494121
303,88039,77.179.9.66,DO27 UFQD 3401 5831 7111 8771 3111,,,1403812149
304,20059,200.43.135.240,SM56 Q915 4471 063K VY5T IEGE LXX,,,1328303409
305,15251,204.160.98.249,SA68 27BG KY20 LJLM XITD JCDJ,,,1381107475
306,8314,180.172.97.34,SA37 02OX ZSJD PTH9 QOCA PATR,,,1453831356
307,23502,8.32.146.246,LV11 WHRY PELE E8DY 7KAP 1,,,1414241291
308,74157,153.78.11.140,IE57 COKU 3481 7851 6002 12,,,1431948550
309,70372,206.162.187.41,FR52 8334 5754 612L O1MZ ZQJ1 T01,,,1349426151
310,17718,246.38.132.90,BR57 7965 5729 3402 7742 4572 162W R,,,1372732109
311,9619,120.237.21.94,AL15 7093 9794 G2NY AHQ8 TQVD 1NUV,,,1313360108
312,72337,62.30.174.243,FR56 7135 8249 44B7 OUN0 MKPC V27,,,1350270433
313,70350,23.128.216.154,IS24 8696 5622 6832 2116 6267 42,,,1327033262
314,46614,22.56.249.129,AD20 1811 3585 GB02 AVVS EJUU,,,1463614170
315,70171,80.148.220.157,GR35 5976 659J JIT0 BWE1 KWFT 6BG,,,1349529496
316,26168,110.92.247.255,FR66 7392 7840 53LO 22II QKAV B32,,,1309810248
317,50243,232.27.116.111,TN40 6540 8642 1164 8028 7354,,,1457835318
318,16348,179.167.92.233,MT92 NFNB 0743 297S IJL7 LQCF X6CE BNA,,,1335237043
319,72925,144.0.202.104,FR08 7807 9367 82KF JDA2 WKU1 Q93,,,1481173589
320,37415,176.43.32.58,MC47 7044 2474 8024 PHBO 5YZT Z66,,,1408369083
321,66384,35.255.113.24,GB04 CSXO 2736 9110 3247 36,,,1398639699
322,41150,212.38.244.168,GL07 5925 9091 8923 95,,,1455237622
323,62878,76.139.254.237,SA93 235M SE8B WIVO MJQ0 P62O,,,1383403249
324,25656,137.250.61.63,FR81 2198 7307 58QQ AUKM 1BQF 840,,,1415483941
325,52404,174.214.58.115,FI88 7084 9393 7201 01,,,1411942733
326,78293,23.201.61.136,NL02 UACA 9541 6183 84,,,1310707910
327,33662,27.76.114.16,FR23 4041 1474 76TX RJ2W GTSA D98,,,1446614634
328,64417,145.248.113.4,PK76 QFXH WW6G GJWZ FTVG YFAV,,,1388465081
329,22523,112.230.146.52,PK06 YQQS SHIM BKUJ BWQR NXVU,,,1365200599
330,60571,55.242.148.0,CZ04 5608 4030 1989 2135 7284,,,1488018019
331,61556,199.142.229.210,DK22 8035 4035 0855 73,,,1473786504
332,55269,5.142.45.5,LU61 260Z 9C2J IZGY NDXO,,,1354926998
333,43970,223.106.1.2,PK53 JFWM 4YIP 3F52 8SPH DRSP,,,1401213055
334,18670,120.131.66.74,CZ73 4962 4149 5651 7458 6112,,,1412162339
335,30127,239.70.111.109,HU21 8232 4391 3821 9826 9267 5988,,,1459071590
336,25838,124.160.111.112,FR91 8950 9860 54LR SVMJ 2WON K95,,,1451923315
337,79019,14.3.235.227,TR27 4319 96JQ WWJH DXTC AW02 6I,,,1327216987
338,18290,137.100.71.84,DK58 2786 8393 8474 91,,,1322266973
339,6271,45.149.142.241,AE62 3145 6364 4499 3598 810,,,1340752898
340,56627,155.188.172.121,PS46 DIUY KKRF 9BKU YPLW HWC4 LO9T B,,,1488673955
341,11719,236.226.158.84,ME14 5090 6860 8133 6276 61,,,1366145528
342,28998,243.71.252.227,LI47 9091 5CPE 2ZMK MR9U L,,,1481775768
343,26028,202.190.46.8,MK74 684L KUDV YMWN R44,,,1463279024
344,39127,137.162.3.139,IE24 TSSO 9942 7593 2837 82,,,1378061301
345,50423,88.79.54.147,BR11 9858 8082 4074 3033 1991 122O 4,,,1493080046
346,48909,184.187.47.12,GE94 FJ37 8303 4109 9137 46,,,1350025298
347,75546,245.183.202.94,FR94 2623 5883 50KZ NTFW 4NYL W60,,,1431435694
348,34852,3.48.210.232,FO24 5177 8886 3116 33,,,1458379022
349,47975,116.143.12.255,HR52 1939 5119 2600 5030 5,,,1481763386
350,51762,180.253.226.123,CY37 9991 4847 YOVP UNZ6 QQGB 7PBQ,,,1340642288
351,71323,1.208.106.169,PK22 BSPX LOSR DC8S ZOEU OZTP,,,1378224830
352,55997,178.106.144.189,MK23 871S T3HZ CUFY J53,,,1331123299
353,66314,29.186.94.25,FR68 0087 0822 28HN Q8HR ZT4R 580,,,1340871275
354,10972,206.113.144.146,FR29 3002 8562 73KY TFFH ELLQ M88,,,1379576743
355,37709,228.35.229.210,FR89 2501 5654 46PX YYFK 8JXR S04,,,1481641494
356,77515,47.106.28.67,CH25 8511 0WSO X5WI ZB8U T,,,1422083710
357,53841,54.90.204.120,SM26 C835 0042 349J PWBW JH37 XR4,,,1397082003
358,13543,7.88.224.169,MR85 0771 4748 3888 8969 0253 089,,,1371679348
359,34373,202.221.152.109,CY50 1647 2551 GFCI 4RXN 1CMM FKG5,,,1313981945
360,89120,37.14.137.9,FI40 0526 1238 9662 54,,,1420717033
361,80228,250.56.38.78,MC08 2494 7368 197C DWBS KWQG Z39,,,1435014229
362,50244,104.12.9.205,GR07 2630 539H RXFT VMWO KWAU G4O,,,1401535197
363,80341,96.12.17.215,DO60 GEIG 0361 2972 4048 7069 9553,,,1306340175
364,88652,54.133.146.97,GB28 RDGZ 8693 9178 3331 50,,,1402490487
365,78078,196.173.103.1,BR49 7101 4897 2973 6895 7738 488U T,,,1315921631
366,59762,12.22.136.35,ME67 7403 1699 7632 7512 31,,,1484284377
367,25969,67.62.202.113,MD69 ANJW 9FGG CDNY Z3ZP D1V1,,,1414605313
368,69135,94.45.106.5,BR63 3342 5009 5771 7067 5428 468R F,,,1414169577
369,25471,205.143.11.45,FR73 5325 3100 424M YH9M K4BV O94,,,1312381953
370,16259,142.179.111.83,AD73 2363 2427 2ETO BGZK UFVY,,,1323851226
371,82467,149.205.185.218,SE27 6716 0281 1796 1684 2529,,,1328658143
372,23272,145.6.146.158,FR87 1004 6972 02PB OUWW 8P4G N12,,,1383549448
373,33234,154.105.47.51,FI29 1150 9745 3427 28,,,1390501118
374,6470,30.66.62.213,KZ44 903D YGTL 0ZBX IC4P,,,1341662613
375,12879,104.51.104.167,AD17 5565 4637 VMDR XLOV E1XO,,,1332083925
376,18783,235.121.8.223,GT38 REOI W1BP TLNU QWCO CECQ ECSJ,,,1434894060
377,50678,225.103.220.89,MU27 VEJW 9600 5753 9162 1674 002V AM,,,1314246821
378,16522,139.240.149.223,DE19 8253 1482 5128 9385 49,,,1362310173
379,26755,211.49.196.146,DO74 DRP1 3552 8363 2119 7521 7363,,,1329376325
380,17986,5.151.19.147,FI20 8049 1145 1499 33,,,1299215707
381,20896,218.148.250.10,CZ40 0895 5765 7108 5500 9183,,,1454695181
382,62365,65.140.230.60,DE31 8505 4125 3655 7351 37,,,1445398119
383,23583,131.29.218.230,MU29 GMOR 8142 0739 4910 7070 769P GC,,,1416127093
384,32447,28.115.191.159,IE43 CWEQ 3041 3178 6513 58,,,1325678770
385,50407,202.220.4.245,AT44 1271 3310 4040 1082,,,1476067319
386,50530,153.102.150.101,AE88 4175 4362 2183 5328 721,,,1439334158
387,24126,99.19.41.134,LI45 8478 12GD XIAO HWXY A,,,1306593158
388,58710,248.159.87.172,BE39 1307 8369 2897,,,1362219711
389,22704,205.168.17.231,PL60 0481 2420 6035 6926 7382 9942,,,1341336917
390,78198,99.92.179.120,FR91 4188 1590 56LZ XLDH JCJL Z60,,,1384851401
391,83661,148.254.139.167,LU25 203H MJCN 6NBQ V021,,,1377318981
392,14640,191.224.248.156,PL70 9332 6135 7160 1161 0110 7754,,,1422228809
393,83243,10.64.154.196,FR41 9176 3196 76RA KJEB UL7J 239,,,1406591769
394,28298,2.52.111.179,SE71 2332 9142 6457 4096 6844,,,1453892942
395,53504,214.163.18.239,GR58 0249 473A FTW5 UDH1 8VUK SFC,,,1430377761
396,20857,1.17.87.209,FR93 6093 6293 468S CXTC E8CZ 269,,,1435830890
397,13368,178.167.231.156,NO08 1009 7968 974,,,1329097991
398,69289,114.6.250.220,TN79 2167 5184 8368 3847 7312,,,1473678775
399,89960,172.234.149.170,SM43 A835 8263 270G P5YK ZVDY UWE,,,1346097213
400,50988,127.244.87.175,DO55 JS9T 0647 7678 3041 2524 3670,,,1429187723
401,15427,64.90.90.62,GR79 4044 368N JW4H YCBU KTWC 4Q8,,,1359118657
402,34083,22.60.11.232,BH26 WRXW NAAO 1LKK UN3M 0A,,,1297008665
403,68674,211.186.85.149,CR31 8084 5150 6070 8702 3,,,1415911928
404,32382,243.250.119.199,MT67 JIMO 1333 0JQH WD2G 6LMM MSGE 3V4,,,1433381086
405,16965,170.100.15.72,ES05 5219 6996 5180 5634 0964,,,1438050843
406,46564,147.107.77.29,GI55 OQPJ SEOE P1VS XKVH IJZ,,,1359215028
407,38824,146.37.238.104,FR31 3237 7560 81HX CK8W LZ4V O51,,,1454766679
408,16325,187.121.198.242,TN44 5177 4694 5516 6782 3762,,,1319229092
409,61821,165.149.186.99,CR73 0717 9519 6451 6069 0,,,1302704028
410,10958,29.106.76.210,ME36 6825 8551 4837 6404 80,,,1395097371
411,71010,18.31.24.83,AT91 7694 4134 7063 0586,,,1424050712
412,84592,110.18.72.137,SE94 7220 7499 1689 5121 9053,,,1375533154
413,8146,73.77.5.25,DE04 3525 2635 7461 0187 26,,,1382106161
414,34274,153.152.61.108,AD15 7381 2178 JYXQ 80IF O8AP,,,1337739477
415,36478,92.79.91.84,KZ12 6779 EMZB 6Q62 4SJ0,,,1426250918
416,7188,110.188.2.44,ME65 5951 4115 0481 7363 67,,,1453552735
417,78872,140.102.43.235,MD18 ZMWO KS4S OPOZ CDRR WOSX,,,1458984921
418,43821,218.27.215.56,PS72 JXLR 9CIZ DBJ9 SE9S YXVU 4AZS I,,,1468628216
419,65770,9.18.89.94,MD43 7OTG VVVV R9DT WGWV RIYY,,,1397903328
420,63885,28.102.191.26,AZ84 GIPI APNS AF7C GKAA MMED CDAL,,,1333442557
421,17782,163.239.139.209,GB38 REQW 6455 0954 2228 77,,,1469345500
422,88173,229.204.4.193,PK34 BHHX A9XW 7PXX DL4W AKME,,,1408055956
423,70050,95.168.74.29,FR59 9084 7858 55EV TWZN B7L3 J12,,,1299109921
424,37368,200.225.0.101,FR75 8602 4964 606X UYYG DQWY V54,,,1443139954
425,49491,202.228.237.176,FR62 7860 6836 66VE BLFP AX9S W19,,,1340687137
426,18327,209.104.187.124,FR82 3590 5163 97AJ 524S ALBW M73,,,1348006002
427,71383,197.158.52.243,HU82 5483 5661 4301 6864 8571 2432,,,1422597178
428,82834,231.193.123.144,FR61 3741 7914 028H 6LBJ WS11 Z73,,,1455286923
429,42135,26.65.175.90,FR53 8711 0058 445G 4XT3 OYP3 S05,,,1474650463
430,66210,192.130.244.182,GR09 2237 417D Z8GJ O05O FIYC FKR,,,1340203970
431,34267,11.80.240.115,NO27 9990 9171 659,,,1462150005
432,87784,188.3.134.165,GT08 YIPZ B1CF JSWW YOOB PQH3 GKWN,,,1295537821
433,49722,182.79.115.144,EE41 5600 0807 4554 0813,,,1320205998
434,28688,168.190.179.41,FO92 1624 6760 3899 09,,,1308140966
435,88790,239.5.79.136,PK62 EAQG FXK5 FD08 7BWW 3XVG,,,1423745412
436,68089,186.159.223.124,BR95 9373 9405 1807 8514 7470 685V H,,,1301330610
437,57132,58.252.102.231,FR90 8760 8538 23W0 8X31 JFVA Y75,,,1386128234
438,84796,16.250.1.54,LU69 921D CMMV DNVT OEFS,,,1388950100
439,15694,127.214.156.38,CR86 7092 4155 8711 8280 8,,,1431748146
440,85512,29.200.205.133,HU23 5927 6991 3818 8442 1747 1085,,,1444725297
441,26222,112.150.220.131,EE52 0113 5637 2668 3820,,,1425251175
442,83247,97.43.144.3,FR35 4527 5257 32RW S2GI CU0J M28,,,1401314158
443,47339,95.41.201.150,AZ51 QFOU EXHU HWPC KCOS WIOY J1F6,,,1394793573
444,16673,138.179.4.119,CZ60 1169 6242 0103 1886 2503,,,1307797475
445,66724,250.212.130.224,CY49 5038 1077 X9O8 NWUY 5S27 IJBB,,,1343910871
446,65568,112.34.93.172,SA49 43CT ZIAC 4LDA BW9H HYRL,,,1427918504
447,36653,112.255.184.4,BR61 5965 8657 6831 7439 3195 254U R,,,1327466996
448,12138,54.20.132.207,KZ18 354E JDHO UKJL 7PCR,,,1472196815
449,38429,154.169.203.95,FR30 6506 9670 944R 8XUY H76L Q12,,,1381525718
450,55277,146.188.114.109,GR21 2048 222I VXZG BJWV IQSX UZM,,,1318991558
451,18734,185.155.72.9,DK62 2432 3453 5990 87,,,1426345973
452,48466,122.204.243.43,MC59 5353 4591 00TT UMO8 SWLW U08,,,1488110699
453,39256,59.253.187.77,BA25 2150 9419 8585 3052,,,1315884658
454,82378,217.14.195.121,DE12 5879 2797 8039 8359 11,,,1383949997
455,22437,245.74.234.232,AL72 7652 4150 FNLF IOER IABJ 0WJY,,,1468607998
456,49221,30.239.204.44,CY60 4411 7624 UPUF LYEQ JN7Z NNJT,,,1400860612
457,87087,37.158.221.211,IS57 5636 6707 5445 2285 2204 36,,,1384008345
458,64481,32.206.99.130,GR33 4992 3234 IP8M 70RM 6GYL 5FG,,,1481352071
459,56247,22.181.240.56,LI93 0404 48HN OQDG VEWU I,,,1300300009
460,13015,67.50.85.92,FR32 7072 8140 69ZN B80L MHFA H24,,,1343609962
461,61726,215.75.248.13,LV02 ACLO B5SN IMYW 7KLA H,,,1493917775
462,38975,224.168.108.13,MD27 F0YN QPRC AEP0 XEYH R8K7,,,1402276741
463,20562,126.218.218.162,FR24 0351 9642 73HW ASQA PCXM G87,,,1490090020
464,53658,199.43.194.251,MR98 0026 1547 4762 1905 6923 370,,,1412663538
465,19256,19.160.225.150,PT27 3855 3090 0117 9802 5932 4,,,1316209378
466,47813,110.210.235.0,AD26 5674 2082 SP2B 3EVH AFBZ,,,1382318941
467,21234,183.225.24.136,PT28 7071 8329 7605 8820 4198 6,,,1386182752
468,53285,242.134.251.101,ME02 7574 3633 4012 7140 11,,,1324176028
469,83169,76.148.133.110,AE47 4413 7485 6243 5429 619,,,1348885973
470,55995,232.228.200.210,HU97 5399 2178 9908 8391 4320 0276,,,1428439049
471,73745,77.98.83.77,MC60 5995 0878 11OM YHBS 4QR8 E06,,,1387860932
472,5620,227.3.43.55,BR38 1611 0034 3902 9770 2445 082C O,,,1482995656
473,59718,124.126.43.172,FR88 6142 5518 19JM 1GO6 YLSW 854,,,1371835053
474,17047,235.245.35.20,MD10 7XVE CXMT 3QZH 6PVA UAQI,,,1435831227
475,68707,90.121.133.123,BH04 VVCG M9O2 KO5C V9DJ OR,,,1367024704
476,28674,243.172.218.45,GI37 VHMP JD2F B2S1 98L4 BVQ,,,1343927509
477,88457,43.78.31.210,AZ03 ANDZ SHJJ HVKU APFG FPM0 DMIB,,,1335282999
478,35013,30.228.75.128,EE20 7550 0551 4784 6844,,,1401420121
479,86615,180.56.20.66,BG27 IYWB 3510 06BR KUWB HU,,,1459576122
480,8790,216.53.165.8,MK02 482G XF5E WTGA 956,,,1457237888
481,27003,105.181.219.32,VG27 DLOP 4311 3907 0388 8500,,,1387447118
482,52667,253.252.21.6,DO74 O5HI 6706 9911 2795 1720 6149,,,1380190548
483,70603,130.203.162.107,ES60 0278 8149 7604 3437 5650,,,1397157616
484,52921,88.31.84.248,HU06 3966 4394 2466 0268 4898 5562,,,1443913448
485,66735,66.32.186.19,FR41 3853 6886 83SW 88BC C4HX V81,,,1352447154
486,7087,167.120.232.135,FR72 7907 7646 594K ZYY2 QDLE X20,,,1428242595
487,89866,114.176.81.44,GL16 7670 1595 9136 72,,,1485478862
488,80976,132.4.0.4,GR53 5342 089E DKHX JTKF REUG QOP,,,1441954645
489,89447,100.230.41.214,IT20 G476 2086 055K IWOW 1NUC U02,,,1373566273
490,78729,101.88.197.88,GB15 XOEN 7521 4927 8359 93,,,1296758900
491,37409,212.27.16.81,BR95 0747 9352 3478 4231 5615 061Z G,,,1405904311
492,8243,191.128.210.133,TN70 2518 8952 5832 5959 8843,,,1408333658
493,55242,71.27.221.15,GI44 VPIG B5O7 XQWI 4PWH MMT,,,1378511537
494,74713,25.199.169.104,FR26 5977 3901 26PQ KELV VULQ C76,,,1356932195
495,61717,9.35.135.90,FR47 0228 6762 75GN 1W5V 6UPN J37,,,1411503341
496,70134,63.124.243.72,MU39 HXCZ 1436 0892 9589 5500 552Z QY,,,1371310606
497,86793,157.88.176.52,SI70 4660 8533 2647 960,,,1489132543
498,51204,62.63.176.45,GL69 4377 9678 7228 47,,,1361770053
499,82476,62.7.208.234,RS52 9332 5414 9659 6787 51,,,1371125373
500,71202,173.177.124.206,ME08 5892 5651 4841 0241 24,,,1403496625
501,29519,243.120.75.247,AL53 8369 0815 IL4I ENPW I6CC LQXS,,,1297198319
502,77135,248.85.41.248,PL06 0046 1814 0101 0826 0638 0634,,,1418131768
503,22068,127.45.67.204,GI41 JVPD MMBY XPQB JRRR KS2,,,1360247663
504,36815,162.99.106.82,LI10 3777 8EQF TS3U KG73 H,,,1401750052
505,75337,103.235.254.251,LB08 4299 YKOE AF51 PB1T WUUD AVJA,,,1424067627
506,75638,109.240.141.7,FR63 2654 8931 44RN KL9I T3IR S05,,,1463716406
507,22104,217.131.112.240,FR08 2257 0804 40AO T1ZF CAAJ F01,,,1456393484
508,25432,54.52.51.36,AL31 0063 3021 UVKR BRU9 SWQB REOI,,,1372195920
509,41557,193.66.129.120,LI81 0709 4LOJ QRL3 6BEE F,,,1470739779
510,87050,58.172.69.223,MR78 5763 3642 3817 8150 3314 298,,,1405057293
511,52526,81.108.67.73,BH74 KJTU ZAHG TXQF YRY9 XZ,,,1448033468
512,65914,15.35.21.142,PK67 LEFN TOBX X5IV UO2F FRWT,,,1316956323
513,53411,128.42.4.51,FR77 3743 1054 94G6 PJDB TDX5 D85,,,1389016957
514,64947,155.125.208.175,RS57 3887 2721 3625 4401 43,,,1383770124
515,15774,174.91.49.34,FR29 6872 9143 52YP 1LNO 4OAB Y00,,,1429876694
516,27264,133.217.18.252,FO45 1974 3308 9497 72,,,1395077928
517,25486,65.174.8.165,GI69 GMTB I5LU UKSO YRSU LPJ,,,1373043245
518,86206,66.246.253.244,FR29 8658 1057 597P 0CWV EUPM J36,,,1397100750
519,41050,44.77.119.65,ME58 4857 3864 5090 0191 42,,,1381160522
520,46141,145.43.24.75,FR76 0711 6848 695K PZP4 HYPM M91,,,1484073012
521,87530,132.160.242.61,CY23 0331 1853 EPCJ R6WT 0YLM FCRE,,,1447691536
522,8545,133.238.136.128,LB24 4333 LEMY GUMM 1GJN EMGS Q0QF,,,1357839945
523,21402,219.96.33.152,FR22 2642 7037 60KR 2BXH WHNI M05,,,1345038161
524,6889,237.68.17.57,AE91 9584 3451 0006 9894 294,,,1440800063
525,68000,44.78.86.131,BH12 EPXK TAZG EYDW MK5E AJ,,,1332879494
526,7326,23.114.234.161,IT25 Q245 3385 583I QQ7Z IOQF 4O7,,,1378711391
527,31550,124.185.34.83,FR18 9943 5738 08SJ VVAF 7WRW L08,,,1393540925
528,22321,159.96.219.54,SK90 5940 9440 9060 9087 3319,,,1325090554
529,83005,208.104.10.108,BA09 1480 6111 4392 0891,,,1312621630
530,61764,178.51.210.12,AE63 5610 5809 1740 9509 462,,,1384440077
531,54023,93.113.255.177,SE10 1195 2919 4671 8292 3728,,,1355386204
532,69814,157.68.159.206,AE14 3761 5189 0233 2065 253,,,1388640167
533,28573,205.80.53.239,IL08 2548 0781 2699 2801 161,,,1491436269
534,72468,176.62.179.118,BR60 7129 3372 4975 8795 5789 432H U,,,1440645874
535,75587,127.185.148.158,AL64 9886 3880 WX1R VNOK 6TOJ YFXZ,,,1367118233
536,79731,108.59.12.67,DE58 7716 5126 4289 7992 50,,,1428084900
537,40608,6.212.127.197,DK26 7201 0402 2278 53,,,1335504827
538,74572,61.131.153.210,IL86 7986 4155 2164 0317 379,,,1395385021
539,9364,187.56.208.155,TN13 8486 7345 7831 1549 0427,,,1461702818
540,13409,188.39.217.209,ME47 5234 4668 2870 2210 81,,,1438742794
541,89750,197.56.232.191,HR70 1140 4003 3304 4450 4,,,1377298803
542,82081,142.67.76.95,MK64 348H EQ8C WUYO K83,,,1438525374
543,12515,173.154.134.52,GT38 GYLM I67G UG4U VOKP NCDB NIIR,,,1409394826
544,9672,252.50.193.152,SI95 2333 8815 2556 718,,,1377842116
545,54384,132.111.208.205,EE42 5386 1836 6116 1485,,,1380464601
546,27487,93.73.235.128,KZ39 942J NXEG XS3O CNTW,,,1344620585
547,64719,58.167.139.158,DK93 7526 5946 2392 23,,,1341764403
548,19650,92.191.92.148,MC36 3194 6684 25ED HSJT MIZC B20,,,1441930993
549,86508,225.234.43.67,DO30 UWRD 8971 7109 1309 0155 1895,,,1353570748
550,11174,45.41.176.164,KW58 DYCW KGBJ U75T US7N OX1I 6SPB E8,,,1476476399
551,41857,223.209.92.188,FR76 0976 1319 84S9 WSTY W8BC G75,,,1329718265
552,70866,61.178.237.176,NL75 XSQP 0828 2876 31,,,1368091322
553,88107,232.59.226.160,FR75 1889 0893 12CV CFCQ NOZY P87,,,1394222098
554,55637,153.213.163.85,AZ94 VMMI HDYU DJJV JNHS MNVE SRGG,,,1336676802
555,44398,20.210.148.179,FR49 5978 6047 506S XU3A I8RP S35,,,1477873890
556,44308,184.194.248.194,KZ80 0709 BCLX BQXM GBPW,,,1439412003
557,63276,72.211.164.3,CR25 7988 2806 3885 0883 0,,,1412394728
558,20384,46.36.197.192,CY44 6217 1602 T7XS MVDL YMRC XF4S,,,1461104934
559,33111,111.66.154.182,AT97 1428 4912 0656 5686,,,1423610282
560,25752,230.57.192.147,FO06 1127 1882 0649 41,,,1399657652
561,55140,179.1.184.119,PS20 HTIB HO2Q 0TH5 Q2KP AR1N E6NX D,,,1429503234
562,60960,201.255.215.154,LU55 689P NMAT 1CRG 0TKL,,,1338032050
563,81474,76.184.246.94,FR66 0466 1540 602Y PXLD WWBR 486,,,1434923813
564,34861,104.205.167.100,CY22 6752 6504 ZKQ0 BJPH VBMC A6UZ,,,1355932419
565,54182,223.47.179.163,TN39 2870 6490 7858 9328 9855,,,1470897468
566,82848,6.181.220.207,GB06 JZWN 5209 0540 8339 22,,,1309802542
567,73259,233.107.65.199,FR44 1490 6392 15JN NWH8 Z2PK R87,,,1468843686
568,10572,104.173.120.179,FR72 6014 0391 18NH 9WTC KEP4 Z75,,,1402022480
569,19834,69.76.74.214,NL93 SZKK 2019 4970 67,,,1350745431
570,38515,203.117.152.93,LB44 6649 OOAP 6CIP DJSR XPLF JSXP,,,1337230373
571,57140,48.173.23.0,TR52 4405 5GSU JQVB 2QEK LPDV 7P,,,1312051729
572,21888,35.83.119.188,DO15 ANFW 6207 3370 6150 3753 4379,,,1357547498
573,46954,70.189.14.187,SA17 15M7 MURC FVYG CCMX AQ0U,,,1454459939
574,38617,199.101.97.139,MD53 0HVA PFIB WTKA APDZ XMBU,,,1486610175
575,68155,58.250.203.22,AT30 0458 6498 4903 0059,,,1436863353
576,33052,148.115.3.115,GT60 UNYQ ON8P J4M5 B7H9 2SCN AGAC,,,1468323851
577,45810,77.195.42.79,GT08 MST3 YR08 BJLM FPNT PJ8A D7DM,,,1437080600
578,67946,149.32.95.195,SK71 4056 4235 4196 5329 7402,,,1471735217
579,38517,72.214.247.43,MT58 BNPX 6031 3ERH INOY EYYK CQJR CAL,,,1399795973
580,61714,234.115.98.250,FI68 6492 2776 8294 79,,,1359921250
581,21587,243.197.118.38,HR02 3441 0128 2990 1224 0,,,1411828282
582,62946,230.213.94.144,FO03 5423 0386 5371 20,,,1321740010
583,81500,81.27.63.142,SI93 9748 2400 9510 778,,,1467781745
584,12918,65.58.197.193,MK54 835T 8P3E VKAJ C40,,,1441950222
585,81048,10.189.121.161,MK23 858R RTHI X3RI 686,,,1373776212
586,74595,241.252.104.27,IT80 X837 3700 666O QYSX JOTR YQG,,,1467894618
587,44215,110.99.141.22,AZ45 HUBS APOG 43DM WUPX H8C2 HJFZ,,,1297396027
588,32954,64.139.76.49,FR08 0124 8226 6576 X2XY TT29 P33,,,1332629665
589,60536,235.112.232.238,HR89 6058 8327 7809 6297 6,,,1355900585
590,24934,187.239.16.28,MD84 1PNN LULL L5SJ 3JXM XAGP,,,1302511560
591,78678,98.96.12.94,KW50 LXCN CX8N J9IB FKDB 5KLZ AYKW T3,,,1310299281
592,45817,8.173.228.201,PS05 IWXI BR61 DF6I 4C3J LBOL NYRS C,,,1478108675
593,22820,123.63.87.37,LV38 VBHJ WWF3 GRXM XVVG B,,,1484867818
594,83869,202.28.230.172,CR51 4758 8053 6271 9192 9,,,1311803681
595,5405,132.199.189.174,IT85 K063 5102 185H SOYI TAAP E25,,,1300713509
596,19903,166.208.72.184,PT48 6698 9006 5306 3689 4618 4,,,1322672695
597,21550,194.87.24.209,TN63 7844 5095 6783 2523 1167,,,1394490429
598,67441,167.51.248.211,GB11 ZOCZ 2802 2953 2890 34,,,1406558793
599,54034,126.116.139.188,LI50 0775 9A16 PDCN KZPX J,,,1475700946
600,16227,73.242.169.120,BG25 SPYJ 2038 21PA KEF7 LF,,,1305583358
601,39992,32.99.20.7,FR92 1807 8685 24NY ECMP MRXJ 011,,,1331752711
602,46877,13.59.2.166,CY15 5247 8268 0TGL 2M9U I35C J9BO,,,1374792332
603,29444,49.83.208.233,LB96 2820 WUY4 ZP3M N6FU SHYZ V5M0,,,1430171898
604,7045,38.111.224.75,CY29 4279 3125 BUA8 S3R6 STN2 UALA,,,1429305074
605,40455,117.170.102.93,TR78 5981 2NDP HAT2 HJIA MLFJ 34,,,1480180301
606,47636,78.69.77.125,GR71 7067 265D HLO4 8VAW TVN4 ZJD,,,1410985482
607,32533,133.210.138.129,BE63 0154 4002 3144,,,1387251932
608,24936,3.225.136.13,RS12 2950 8110 8144 1752 53,,,1374848649
609,75211,84.15.234.166,FR11 0535 4161 04YG ZLQA 79GU W06,,,1417046298
610,87436,18.157.32.229,NO68 7829 4657 817,,,1341652398
611,67581,189.27.63.9,PL84 8443 4776 2208 7607 7959 6072,,,1418323686
612,84648,178.57.64.157,NL30 SGWI 2609 3630 78,,,1325773840
613,46709,240.6.118.181,FR65 5868 8113 28GM MWLX GBAQ J64,,,1345545526
614,55880,173.88.99.190,NL56 SFHV 5112 1754 97,,,1488625007
615,17679,19.98.165.72,SK76 3163 0885 1359 7021 3009,,,1368237303
616,66277,66.217.151.204,ES56 7056 4114 8432 7058 8164,,,1403735434
617,12452,200.218.181.56,HR76 5351 7981 3057 7559 5,,,1368673138
618,22445,3.89.224.49,ES48 9361 8931 3568 0693 0545,,,1329073237
619,65640,108.183.60.82,BA63 7609 9154 4743 7882,,,1490700111
620,73183,49.133.153.149,LU45 832E RAEA YSCR OU0U,,,1476726947
621,78684,93.71.249.60,BR54 5055 3376 9837 4077 4275 801M 4,,,1344944348
622,63905,79.15.154.114,LB06 5284 1IQM AFFO VZEO 4ILV 1V4H,,,1460586185
623,10396,205.61.159.36,MU46 XXEB 0631 7832 3768 7399 966O FF,,,1408328902
624,63007,249.85.120.236,FR78 5459 8520 59FG HKUP F8CL S74,,,1456944096
625,58480,58.78.109.9,NO39 6415 7797 926,,,1298551777
626,48970,145.178.112.146,TR36 5080 92OC YWGK XYMY HODA VP,,,1469010318
627,72004,189.180.57.72,DO87 PHI1 2951 3224 3715 6256 9303,,,1308957086
628,39589,40.123.143.155,MU11 KBBZ 5623 4907 7681 4447 197V WM,,,1373512671
629,83819,197.195.157.42,GE98 QP04 8303 9862 5512 58,,,1392052781
630,70948,120.100.50.202,LU08 104A K0OU XDK1 RCYQ,,,1481349129
631,28099,149.127.72.212,EE24 6930 4883 7134 4939,,,1363584229
632,28556,183.94.168.17,NO63 8638 7880 067,,,1483312541
633,36233,161.15.146.124,LI19 0082 9WXX IJJY HXVW C,,,1489963174
634,79694,220.35.196.95,AZ55 MECD 8LQI OENK UH2Y 2Z0J V2JW,,,1434312690
635,83230,118.187.30.179,KW52 IJNW 1ZXN PAGG MGYZ 8PYS PB5K 6T,,,1367802103
636,28142,18.244.58.65,AE79 5473 0376 9104 7640 845,,,1467680308
637,16186,4.0.149.95,BR71 5509 6849 6787 7190 7864 076O U,,,1344885133
638,24968,48.53.98.159,AE86 2577 2390 9147 5382 268,,,1402018463
639,27189,161.217.77.87,MU19 KWAW 8057 7785 8264 7308 739D AA,,,1319976540
640,26251,6.144.228.1,AT96 7418 0285 5654 0022,,,1343117742
641,57717,142.194.206.229,BE42 4640 0525 7748,,,1358622415
642,17211,194.98.182.243,EE35 7980 2467 0506 7090,,,1438711833
643,47287,227.59.134.176,KZ33 582M 1PIA UTY0 H9GX,,,1370538481
644,34132,18.2.204.185,ME36 5180 4356 4287 9034 50,,,1483473551
645,72935,253.124.92.7,DK68 9862 3707 0393 86,,,1324276386
646,41760,228.111.102.228,GT18 OHPT PYAH ZLJE Z4WD 8WNN NRUB,,,1339467012
647,18769,129.93.155.168,GE85 XV47 0778 8958 6595 66,,,1423447144
648,77874,67.198.170.243,AT71 9027 8602 3380 5563,,,1397863759
649,20550,4.163.233.44,BG05 EMRU 3065 251M P0TG FF,,,1343416215
650,89356,16.95.179.16,SI42 2070 9374 7590 379,,,1356275119
651,35748,180.221.8.108,GT17 TQ1G NJPZ FOOW CDV7 OXWH 01AQ,,,1374844218
652,41010,55.152.87.68,CH18 5977 2TZT URDB OJSW Y,,,1489775122
653,64218,208.72.83.8,GI11 PEFX N0OU XVBM 1BSM R9T,,,1302799333
654,78847,157.185.219.129,GR15 4755 846K 7HBG GYOP HQJN BAL,,,1467844970
655,79036,99.152.70.188,SK94 6237 0821 8735 7222 9201,,,1319305054
656,40149,22.21.111.125,PT74 6465 3487 4841 1738 5870 7,,,1484087201
657,76554,147.119.177.98,GE04 IM53 4001 2605 8637 04,,,1331841969
658,73015,20.104.189.175,GB03 VWCX 8349 3597 0548 66,,,1377935946
659,38000,134.8.122.129,PT61 0106 4540 5425 1841 1452 0,,,1365698486
660,23169,83.105.213.229,CR56 0464 8542 3916 7929 4,,,1360368094
661,66551,98.196.147.165,KW41 XGPV RWOH VKST GCOK BXMK TF6K VY,,,1492342210
662,57532,191.35.255.20,FR91 5753 5655 86A7 3TYQ BYOO I42,,,1327195701
663,74546,204.183.172.222,RO71 AVAO ZXAN KBGN R26X XPZP,,,1305263433
664,13837,249.180.100.67,FR32 6485 8217 19WZ ISY8 ZZQW W42,,,1351913491
665,86358,174.97.76.196,CR33 8608 5937 2817 8197 8,,,1399895471
666,35323,145.119.178.50,PS84 RIDQ MMYG EWJA FOJE NNOV IYXF Y,,,1486099084
667,59060,204.216.50.120,LT81 7272 8378 7741 8942,,,1439524434
668,28731,193.139.66.127,GR09 2262 489H VNDV KLHO VMMX 27F,,,1494652728
669,23528,123.72.81.52,BE65 4222 6901 0880,,,1490533633
670,59908,36.228.151.106,LU14 750U HPL2 SGV1 VHNW,,,1382714756
671,47693,49.121.89.151,KW64 ECXW XH0P B0NW WZWI FAT1 4MKC YT,,,1339842935
672,65059,42.101.77.0,GB55 EEPT 9959 9404 4409 12,,,1383148404
673,11576,238.85.98.193,BH85 XEZU I2TG FLYX UYIX ZL,,,1493516568
674,82906,50.26.222.254,BH78 TEJL PIDP GLQY BBFB IH,,,1385764944
675,61116,241.4.16.152,GR21 1728 005K ILDP V4WI NND0 IXP,,,1334399734
676,67500,0.127.161.163,IS05 8039 7187 5716 5730 3687 25,,,1339950206
677,56318,201.112.8.53,CH89 2799 4FBI 603M S1FC B,,,1466920374
678,5963,87.88.228.198,MU59 ZQJM 6086 8836 5599 7987 984G LI,,,1474552975
679,72839,134.94.153.188,VG93 CDSZ 6938 5275 0428 2465,,,1310568200
680,62403,21.238.22.157,BG24 TCNA 6129 07NA NOHE RL,,,1441542190
681,14738,100.44.11.124,PK37 SVPT 1WEU ANO1 EMEK LNND,,,1442919816
682,13720,155.178.151.166,MU10 NLOV 0841 2153 7104 8516 056K LY,,,1427660890
683,36987,141.98.190.170,SA14 25OV A62I GWXU YQ6P QDKY,,,1304919484
684,39535,234.3.188.76,BA46 6072 9806 3017 1782,,,1481406126
685,29931,107.144.103.153,VG72 ADZG 9197 9407 9525 1807,,,1308040389
686,45938,67.6.201.199,GE35 EA19 2968 6045 5584 90,,,1470675885
687,44333,164.126.144.150,PT07 2008 7588 2404 2344 8074 9,,,1481833131
688,35771,129.2.227.0,IL05 8880 4115 6555 7334 260,,,1304520010
689,24286,45.90.157.223,SI69 0485 1707 3691 835,,,1461530531
690,73063,157.26.63.87,FR66 4378 2791 361B ZKKW OPIZ E96,,,1430917451
691,42561,22.93.217.15,AZ08 FKOD NMS2 TMDR 6UCP NLLG ST6S,,,1385689483
692,87981,187.63.149.13,CY40 8903 7176 XVYW 3QRH 3TOV MB4G,,,1361403682
693,13091,20.60.69.103,LI30 8340 4MBS CFCT RDFT A,,,1405898043
694,45035,61.91.135.20,VG43 UQPO 4834 9891 2242 2782,,,1373247596
695,71890,161.102.129.22,MD78 HRDD 2MTZ 4M3E 4UAB Y6M2,,,1471727524
696,13679,23.136.243.156,RO06 MWBQ VBFS IACU PEOP PPYE,,,1394341739
697,43237,95.54.195.26,FR36 0030 5072 29QW JEWZ KHB0 J45,,,1422985676
698,8829,40.182.140.92,GT08 TUA7 6I1J 71PT 4CXU A15B LSXZ,,,1473164317
699,28704,194.171.162.11,CR11 9353 0765 8257 9209 7,,,1452882898
700,69314,92.52.45.71,FR40 2449 3018 64D1 WA3Y LA45 P30,,,1348134656
701,67692,222.119.203.91,IT21 E799 7013 626U NLXY QGWI MTS,,,1370054912
702,30810,218.238.99.225,CH81 6498 6OMQ CI7F PIKN U,,,1468150526
703,13298,176.80.80.251,CZ80 9327 8155 5756 9326 2499,,,1442425964
704,35758,63.224.121.212,GB81 ADAX 4593 1781 7447 19,,,1441632909
705,55571,71.76.71.103,SA11 759Z XULN XQCX 2GCI F06L,,,1440244928
706,44329,100.5.87.10,SK49 1323 8967 2781 4200 3631,,,1400199505
707,58506,147.204.32.33,LT37 1633 4126 8013 9550,,,1387519246
708,51600,160.35.240.231,AE90 1737 9580 7442 6447 542,,,1374089153
709,52191,189.181.78.165,ES93 8090 3008 9429 9373 3313,,,1441359379
710,51052,251.80.155.224,AT23 2638 6663 9918 8546,,,1463731658
711,37747,13.169.158.247,IE62 FYAY 9457 0540 0373 27,,,1472666905
712,8016,27.152.84.51,FR11 6172 7701 71DL 4MT6 HUTH 958,,,1360408877
713,53700,48.115.55.186,GR32 5403 524G 8MY6 6NYL YPFJ OTR,,,1299301417
714,62784,52.51.76.1,KZ32 8687 XCZL GT2X MHRK,,,1369498061
715,64197,226.207.5.60,GE96 JZ91 8891 9145 7032 97,,,1422615104
716,38087,159.152.56.75,HU03 2259 2002 9905 4730 3305 9091,,,1383038734
717,72578,37.54.164.235,RO61 LLSR XMM9 0SKP JLRM CMJK,,,1328178176
718,15542,247.34.213.5,NL74 HPRM 7723 1975 98,,,1475156680
719,22063,197.219.208.75,BE22 9842 4413 1155,,,1431569150
720,22477,110.128.39.102,SA88 20ZL EBNR 2HQ7 WJY8 GQ5M,,,1366811852
721,61323,30.13.53.190,HU03 4795 4742 1745 1403 9964 2852,,,1402786612
722,48775,95.18.93.211,SM93 K600 6680 475J IMBK 47B2 BDV,,,1305090946
723,57022,138.149.60.165,FR38 4510 2572 46C3 79NQ AN84 F76,,,1460296035
724,80725,96.23.220.55,CH44 6873 50JZ CCUS OAFN R,,,1391218861
725,82776,9.157.182.220,FR08 4030 9427 42PF KSFU XDEQ 951,,,1363874942
726,64784,93.237.43.82,HR55 8421 4299 3708 6683 9,,,1452375032
727,48996,119.237.192.212,FR11 3010 5126 60NT 5M14 WOH8 C80,,,1327939343
728,43494,54.115.145.78,LV46 NKDP IVA9 FBBQ 6SHS O,,,1457007600
729,78465,30.171.185.134,SK36 0274 3640 2343 0732 7929,,,1426450088
730,61316,129.10.132.5,GT34 9RTP I4KY RABU Q3JQ CZDI RAO8,,,1490296091
731,47428,156.156.198.144,BE21 6081 8153 4434,,,1428514623
732,70278,95.221.52.66,FR88 6245 0998 90VD TULY VNRC 977,,,1412494273
733,16127,158.22.145.145,LT71 4142 7522 5605 1400,,,1385669986
734,16699,42.117.181.173,PT55 9187 1066 3020 9828 3073 8,,,1417588585
735,56994,87.205.184.191,FR58 9236 8502 04J7 ILM7 SOFM 095,,,1384083603
736,12843,21.21.163.176,FR87 6231 7312 93TP QGIU Q3MT 808,,,1394599146
737,45984,105.79.131.201,FR84 6112 4968 95FN OFYE ARLP N41,,,1298658102
738,16856,39.71.90.241,GE97 AH65 7085 5089 7311 44,,,1368482167
739,44667,200.92.86.246,MD23 ZVSL 59PN VZOK 4LNL XUGA,,,1434844604
740,10724,97.222.39.176,HU39 6317 6847 5401 1644 9990 7822,,,1296116380
741,41531,197.212.180.76,MU02 EIEL 3767 7684 1288 7911 858P KV,,,1473921885
742,55489,152.203.6.17,SI13 0401 5242 1815 179,,,1414245771
743,52781,205.233.78.95,DE61 7600 3986 8934 7371 47,,,1413257553
744,57238,150.51.106.38,BE51 8465 8295 8168,,,1454238414
745,82673,81.245.77.51,BR04 8947 5878 9433 7546 4844 120U D,,,1450584052
746,79068,29.29.22.89,MT64 MSXX 1034 5PFM YQBE OFTB TG8U BNQ,,,1412897643
747,20173,19.224.98.182,FR10 1504 1677 43NW AZLS 295J 618,,,1371349129
748,35755,199.178.76.43,GI70 VIUN AMIW 68SO 1NA1 V8B,,,1323912967
749,46747,171.110.227.157,MU08 PWMQ 0923 6918 4398 7142 252W TB,,,1453783210
750,52301,118.125.133.252,IE11 TTZJ 9783 2258 1978 47,,,1363032935
751,83923,158.213.149.19,RS72 0099 5382 4077 0884 13,,,1374610891
752,10543,155.110.75.60,KW87 AYCP M3UI HTXT V6K7 YI5B I4ZY MN,,,1413463020
753,10093,27.213.181.118,BA21 1705 3134 6409 9097,,,1413566296
754,49062,54.165.171.249,ES22 1580 9127 0789 1461 4965,,,1399832165
755,49650,46.167.131.193,MD73 8WW7 7FSX UZBG MCTE QN3M,,,1395534846
756,21397,103.183.15.165,MR23 3564 5542 7005 6454 4521 138,,,1361009273
757,83916,86.23.169.204,BA39 7990 4911 6647 1725,,,1419124661
758,6399,53.188.143.102,GR03 8482 1164 IGYK I4HD EXH4 6OU,,,1395742101
759,41479,188.61.71.167,IL97 0749 3281 1755 6780 376,,,1479833633
760,10869,175.229.176.166,SK56 6452 6676 1418 5775 0754,,,1330225573
761,11987,86.236.241.59,LV22 PQRD YMVB 0OQZ HQQD N,,,1419725205
762,71554,92.234.209.222,CH12 8415 0H7T BE9U QRDZ Y,,,1357527326
763,63371,80.28.191.140,LT17 0664 2694 7933 2703,,,1364224123
764,81910,39.88.61.89,IS46 7232 6026 6144 5918 3587 01,,,1357692736
765,76548,184.91.112.196,BR56 3538 0448 0789 6301 2731 056D E,,,1311499358
766,11890,33.52.3.212,BH59 OORN F3CR PGDH GDV8 VU,,,1362480660
767,65916,236.57.217.175,DE39 7780 4071 8713 4299 78,,,1318215269
768,52798,243.51.146.220,AE51 5337 9923 7140 4809 801,,,1483907154
769,40089,145.76.39.200,LB02 1371 4UFT FNI9 EIIB HAHQ U3IA,,,1297809437
770,19504,159.29.168.151,IL56 4235 5916 4361 7944 740,,,1341738892
771,22969,123.110.207.179,FR85 7377 7245 25NC LVI9 GK1I Z54,,,1359380249
772,84280,27.240.82.255,FR20 6709 0152 125Y TXRH UWSA 918,,,1396902413
773,18775,162.131.195.234,IL30 6248 2866 0264 1695 243,,,1469504005
774,8588,114.213.84.191,CH43 2087 0M4M KT8I HD99 1,,,1317674160
775,23139,120.204.140.223,FR15 9770 4254 96J4 ESJP PSPI C96,,,1431199773
776,85963,236.20.5.106,BG68 BTBJ 3811 15MX 5BJF SR,,,1428471269
777,32138,191.80.51.233,NL62 NKGQ 7788 0316 00,,,1310513958
778,56659,214.224.190.150,HR06 2217 2946 5151 6527 3,,,1341633475
779,52212,175.74.111.203,GR35 5752 409U DZG3 OAQ5 N5JJ I5K,,,1317043267
780,7628,203.159.221.227,LB57 7222 9QYZ WVOS LDOC 7A9Y Z5HZ,,,1494422443
781,75855,244.177.211.215,MK12 537W I92H BJKM C63,,,1424727241
782,11467,209.105.140.154,FR46 1758 1715 43AR CVDM SCMN A79,,,1372713801
783,76442,246.101.166.119,BH41 DNBA UPZZ MTTV HIU9 C5,,,1450051603
784,29444,178.236.213.23,IE68 HHUM 4201 3974 0686 57,,,1376337103
785,85035,180.145.59.177,GR81 3121 4208 JSXG QO2F MXKL JWW,,,1407111374
786,26350,150.34.81.176,BG16 WVQL 4784 82M7 THXJ QD,,,1301931883
787,61424,60.94.230.126,MR44 6867 6233 1523 9295 9243 418,,,1482969201
788,9845,87.48.59.151,SK11 0838 4763 0222 6309 0748,,,1483991705
789,66376,216.180.132.3,FR23 9737 0684 341U LJOF FG6S O60,,,1415739191
790,8713,8.62.239.220,TN42 8938 3937 5511 4221 0409,,,1343326695
791,30091,66.217.53.18,GI53 TGRZ PTAA XONV VLMZ 2NX,,,1456307186
792,54644,17.214.89.205,FR62 6839 1112 22SQ 07XA IOJ3 309,,,1364986838
793,74372,184.137.24.14,LB16 6229 QUUU PHO0 YBZL 2IB2 GDCP,,,1481850752
794,66287,17.96.117.226,HU65 7860 4917 5771 6911 6739 9884,,,1389542638
795,18122,139.166.123.125,FR02 1105 0252 37KJ VLIE KMSJ A56,,,1407070531
796,30068,208.120.248.145,LI50 9923 28T8 YFKO N4SS 7,,,1449381004
797,27922,79.164.176.19,FR27 8018 4391 11HC ITZ9 PM15 Y44,,,1398184361
798,33983,103.167.254.126,DK80 8450 0111 0027 20,,,1450216965
799,19582,31.74.188.86,NO02 1830 5455 884,,,1389721860
800,23186,104.101.150.45,GB31 KTND 2329 6740 4762 25,,,1472345467
801,88476,197.89.54.241,LB27 7314 8OOB WE33 7N3R J5AQ TCSQ,,,1488879146
802,87615,182.45.178.115,CH09 2956 2RO2 V0DI AHC4 W,,,1470948603
803,8832,228.126.236.248,AD05 5073 5691 AW1R 1FVR WU4J,,,1299697947
804,49821,44.41.100.135,HU59 0249 3650 6294 1343 4471 9227,,,1393652958
805,28778,112.228.176.51,CY07 6767 3856 TFW4 BBCJ F0AC 1PKL,,,1343860875
806,88928,192.166.253.76,LB29 4516 QXQF J04K LIR9 QCJ1 Y8GE,,,1468745643
807,75490,75.202.195.254,AZ21 MYOH 1DSM 3PZT JCK6 Z85N ZBVC,,,1432577337
808,66593,51.255.4.146,VG33 KVCK 3908 5097 7329 8090,,,1377019428
809,21341,150.81.158.49,DE60 7162 8045 6477 0305 98,,,1299454651
810,66268,255.222.187.162,DK86 3719 1943 7621 17,,,1405955152
811,38731,224.125.146.83,MR86 1070 0363 9383 6553 3977 733,,,1353274349
812,86204,186.85.145.16,IT64 C585 4036 279H 9M51 ZN69 Y5X,,,1450281170
813,87837,143.247.139.231,FR05 2878 0231 79X6 VJY3 KQFO 646,,,1379103112
814,55926,70.152.252.224,AE68 8556 6879 3733 3394 649,,,1372582547
815,47753,197.207.116.223,PS21 DDOE WTNM DQFA MASI SPHA IICY Z,,,1399691703
816,44064,165.165.214.17,CR17 6847 8544 6075 7369 5,,,1301182726
817,25761,137.194.214.106,ES22 6123 4804 0577 3511 7138,,,1446958146
818,51628,37.184.242.13,LT36 5239 6476 9306 5290,,,1444466622
819,77105,94.171.222.206,MD18 GMLE NA7J PEFM HFM4 COZK,,,1442056980
820,86601,223.35.186.3,HR78 1472 7507 4095 4712 8,,,1401264049
821,30768,44.93.152.2,FR90 3223 3217 16D2 KGZC MCYB R82,,,1295199877
822,54876,108.147.137.38,PS65 BEHC ZFI6 2TXL STHO 9A9Z ZMCI D,,,1314019756
823,73357,155.56.224.151,PT56 5997 5852 1914 5794 9630 6,,,1469523748
824,82709,184.162.194.87,FR59 8260 9042 94CT MLQV HQVU Y14,,,1370092252
825,22182,1.173.48.226,LB62 3851 2IBW AWNA T7FV TTTE IKIB,,,1313652642
826,48174,29.212.132.139,SM45 S270 3248 127I 6JBV QIHG ZUA,,,1310152566
827,54026,226.193.215.148,RS54 3500 8328 4033 4231 72,,,1336548344
828,44192,109.113.235.216,GR37 8065 6841 JQUL ERFA CO7X 5SG,,,1362356928
829,41392,89.39.15.98,HR28 1841 9056 4034 2693 9,,,1493245431
830,88600,243.147.4.117,FR61 0330 1990 08NC ULZD J7YG 897,,,1316099233
831,82121,108.193.230.17,BR57 8129 8813 4331 4439 2082 233H I,,,1473697491
832,63372,80.76.42.85,GL82 5939 2762 8990 58,,,1454245342
833,28896,52.87.182.52,GT70 289L OKBP 5NXS AMBA OBAE 3WIU,,,1444722613
834,56802,249.99.217.87,FR78 2839 1655 38ET DPFZ VIYR K67,,,1459903283
835,8778,158.108.42.84,MD75 GJWO F3V9 SEIL U0QS X8PY,,,1393820374
836,76093,55.75.123.242,KZ19 829W BF80 CJYU C6K8,,,1422961347
837,45754,1.189.118.210,FR53 6281 5995 22ZN QFKZ LKFM N37,,,1360065334
838,73229,78.221.175.87,IE30 VHNH 8931 7426 5709 69,,,1467403967
839,50246,216.112.185.185,CZ38 4003 2605 5194 7185 6625,,,1457617401
840,27551,203.200.68.192,GB64 LIKC 0474 0577 8990 69,,,1425129355
841,11357,25.86.2.3,GR28 2607 220F QKYO PWZL S2D7 7I1,,,1485040576
842,8390,171.74.57.198,DO79 YH2D 2057 3591 1175 3368 7077,,,1475686658
843,42958,36.68.69.209,FR88 0263 2799 568J 2OM6 EBKA 788,,,1478354977
844,65431,86.67.115.83,BR35 9262 2764 4025 8821 7934 867O Q,,,1460557875
845,61176,223.32.202.124,AL42 8566 1371 YKVN DQJH X5WJ VPLK,,,1449713677
846,75786,13.220.118.115,ES29 1790 8834 2456 9719 1499,,,1349333357
847,22779,118.65.87.17,KW40 IEHF UN2J DVQC CEJ1 L67C UPYS KN,,,1311185205
848,6099,45.167.240.96,MD18 JFTL HKGI KPPW RUCH 9AJ1,,,1451530515
849,38854,157.31.13.232,IE77 FLWA 3267 6515 3919 55,,,1380486554
850,34933,19.149.191.33,FR18 8888 6856 04WF PZ3I R2OD A53,,,1441823647
851,56191,3.242.127.144,FR29 1104 7096 15Y2 SLF9 DASM X39,,,1335971660
852,15040,91.118.17.237,IL49 2300 4268 1360 5943 943,,,1378328200
853,52338,93.255.221.234,FR47 9293 6483 11CE VLXG ETCQ 730,,,1423377309
854,45044,183.168.179.11,BR37 5141 4077 9555 1121 6972 663E W,,,1464227841
855,14562,224.229.167.2,EE22 3888 4653 7731 6305,,,1392306054
856,30319,150.43.97.145,BE70 6249 9582 4340,,,1296338781
857,57196,192.49.157.165,KW09 ZWNE 0Q8M MTCM G6YT EPUW QXT0 BK,,,1397336799
858,63239,98.143.226.121,CZ55 7825 7791 2386 1972 2282,,,1419558058
859,31158,232.16.195.204,PS47 ILQT IU3T GFIE BMND Z9UG AZSO D,,,1436511292
860,23874,43.169.210.175,HU48 3149 8437 5974 7009 0097 4398,,,1340189265
861,56638,196.70.50.164,FR36 5442 6405 46OQ DAIK 0E7U 579,,,1346033619
862,57260,207.97.249.12,HU17 2680 3409 1639 7899 9806 9344,,,1467741435
863,40089,74.50.141.144,FR64 6971 4761 75TV ZIV3 RXMR G30,,,1313495595
864,41094,240.40.200.102,FO08 5577 0481 9754 47,,,1474122000
865,25321,53.252.124.26,FR11 7046 7656 32FK C5LF 9PGP K31,,,1452685040
866,10200,5.113.125.193,BE95 7231 8345 5127,,,1373442351
867,73595,94.78.241.2,GI17 AVXJ GZ7N FYU4 LXPB R1R,,,1380617146
868,63844,198.188.203.47,ES16 5920 0182 0506 2642 2410,,,1459333662
869,21588,236.224.65.79,SK67 3847 7637 3617 2832 3803,,,1298528250
870,28702,216.3.158.159,MK53 070O Y1ZW ZCVF 140,,,1361251982
871,12787,57.193.191.236,MT77 URFL 8214 4GQB HALH LRTM LLUL 4I2,,,1458406479
872,53162,148.12.114.7,IL93 6222 1344 8930 3625 249,,,1410966006
873,11071,174.138.120.128,LB02 6711 AGNI HAHF BBWS 4MFT GJXR,,,1338056241
874,31775,136.243.255.119,RS65 2272 9941 6929 9391 16,,,1334479577
875,31127,33.37.108.171,AL56 4243 9602 55UA 8ZC0 QTLE OL9E,,,1418627475
876,36994,121.26.154.163,LB79 1892 COTT WSFD UKX2 U5AM DGYH,,,1340229657
877,51871,210.90.0.102,DK17 9299 8880 3040 95,,,1493721507
878,41925,213.14.175.10,MU87 RPDX 2755 8849 0380 2354 089A IY,,,1433351889
879,24635,118.136.232.240,KZ98 369S YFFO 2J7U LDBQ,,,1339138088
880,87807,42.166.148.111,MT87 WGTB 1290 6K0O KLBK SMCW IPIV AQH,,,1327957280
881,27199,113.123.131.210,AL08 8305 8022 IIO9 8WNW ICBR MRYP,,,1418936906
882,38415,138.202.249.138,PK74 KFVS MUSX GTNW UUBT 2IBR,,,1485602556
883,76521,146.2.23.175,FR32 2077 7786 20FO HLV7 1ENE C29,,,1447194999
884,37001,72.44.205.151,FR68 4352 7110 78LQ OSLG ALFT T32,,,1415137261
885,12184,138.140.20.162,FR32 8129 9213 40GN BXTO XU4F 008,,,1309955282
886,83677,195.174.103.52,GT17 GO94 OWL0 Q0P1 XKOT Q8IG O49K,,,1303665678
887,84508,137.186.9.220,MK75 185N TGGC OK3D Q28,,,1445162554
888,73165,242.163.116.1,MT93 XTDL 4260 5MPS VRRD AQKP ZC5Z 6UD,,,1484126834
889,17831,224.199.134.237,CR45 7143 6161 6898 7948 6,,,1440667626
890,74358,124.55.83.70,DO06 A7B2 4344 9717 9038 1480 7477,,,1328178678
891,78769,89.168.196.113,CH79 9143 5FDT AGVW J64Y H,,,1468663985
892,13459,253.126.224.241,BR90 2840 7384 7780 1453 4038 497Y 0,,,1370760462
893,66607,43.54.216.118,CY73 0989 8214 JYZK MFD7 38TW WJ6A,,,1396440099
894,8115,93.67.6.232,FR91 0059 2860 95KY OXE6 MUFX 906,,,1331676286
895,11222,14.34.206.55,FR45 8708 5354 41SX YXEJ U6QX 735,,,1323617333
896,46516,137.120.18.198,BH05 YISS 0FZK BSHX 3SS1 H8,,,1327117821
897,74428,91.61.66.212,VG80 NUZZ 3087 5734 0639 7368,,,1494411281
898,45322,35.87.207.104,FR75 5465 9207 209U TGYS KQHH O48,,,1390097538
899,13133,111.3.131.148,CH30 2870 4T7L CS8M KBUZ D,,,1418370573
900,71276,81.214.229.212,CH80 6245 5CTD 9VXB PTUM I,,,1425783125
901,33154,238.45.109.95,LV70 JVHP X2QF 5GEB Y47H N,,,1389288639
902,60855,124.41.37.8,PL80 4160 1293 1420 4658 0969 3025,,,1430082533
903,13908,204.190.1.219,IT35 V301 6960 214T XXL5 FKKK CTY,,,1328376228
904,89035,92.247.92.77,EE44 0641 8000 0369 7933,,,1470523176
905,65656,218.43.249.37,IE25 OZQD 2121 1503 7231 35,,,1369884163
906,83602,249.37.232.112,AD51 3457 9437 KWAI I8RQ DZQ2,,,1301972419
907,35695,127.96.151.158,GI12 KDDT 3GYW ORCD HWM6 6KV,,,1375342137
908,60462,17.31.169.110,FR74 1838 4289 50YD CFFI IQEK V24,,,1449293606
909,19753,217.226.72.25,SE38 6385 4912 0932 6859 2407,,,1468296500
910,30943,251.157.202.6,MT62 MNTO 4837 4BQW UL99 YJIC VBXQ RIY,,,1399172227
911,52655,131.72.38.85,PL51 9226 9256 4514 3105 0613 0221,,,1412027603
912,38751,103.250.26.127,NL62 BTZL 8611 5604 83,,,1487755194
913,43652,158.129.55.22,RS25 2234 7875 8987 5089 20,,,1305953615
914,33231,3.39.47.133,PT85 0864 4622 9692 3198 2550 0,,,1303885497
915,12525,217.156.178.189,LV60 LYPQ RKLV VPO5 GCJ5 D,,,1331194299
916,16674,211.212.195.99,GB42 AVNR 0723 5747 7783 49,,,1390988632
917,60405,196.96.75.35,DE02 6830 2329 2740 5216 92,,,1318778236
918,57152,88.110.203.221,AE33 0758 5411 8650 7520 670,,,1432648308
919,84951,24.93.14.151,VG71 KWHJ 3436 9644 8803 5646,,,1368653604
920,12718,171.5.35.42,SI16 2538 5679 1298 935,,,1493025582
921,65178,74.191.112.17,DO70 7GEG 5784 5278 5161 2050 1877,,,1307896161
922,80665,59.169.58.218,FR67 9671 7720 48SA FGYU 0LF9 H04,,,1420975008
923,73728,56.251.185.131,HU70 5799 9904 5745 6110 6168 0555,,,1477835502
924,89756,42.37.114.143,FR70 2890 1018 90JI EKO1 MVV1 W02,,,1483557598
925,14190,148.54.81.204,RO51 OJVO XOUS KCB3 DDWN CV3C,,,1472646710
926,53120,75.247.241.68,MD13 8GIR HDAM F3KV TIUP VR58,,,1474282510
927,48897,230.56.83.51,VG34 QLXN 1939 3964 9813 1513,,,1303477233
928,19296,239.252.164.235,MR72 0941 5931 6193 0929 5683 961,,,1405946851
929,59140,104.14.38.116,LI83 8369 9MIM KMIQ XTVI S,,,1300320319
930,7291,95.0.80.20,MK26 5386 QHAW XOJF X01,,,1388726021
931,57158,164.245.114.242,MT87 JYTY 2667 4G78 QXMZ 2YD8 SP81 KO0,,,1365039989
932,36252,182.96.13.206,FR92 3555 7311 19DJ FCRG OTKY 279,,,1488419641
933,57826,46.136.85.150,IS37 3796 3499 5918 6695 9134 35,,,1371348091
934,76500,188.150.195.77,FR46 3661 1620 30OE FIOR CFN1 G85,,,1457942667
935,57861,248.239.166.64,AE85 6237 5243 1451 4512 279,,,1398660532
936,7939,146.120.112.50,GB86 KHIQ 6707 8373 0568 73,,,1301296496
937,52489,51.36.207.209,KW79 XQIV 4PA0 UY9D SXGP 9ZWG XJKK SY,,,1309178627
938,26327,131.99.28.239,FO35 3320 2941 3617 65,,,1446084679
939,21893,220.11.90.192,DE21 0535 6137 5014 8877 13,,,1430465858
940,31315,112.50.175.19,CZ45 4076 2226 0482 8227 6575,,,1414948910
941,80362,189.29.185.245,PK45 AYEB CSOJ 1FVU ROSO QX4F,,,1438428062
942,6850,73.156.36.83,MT29 FFUH 0042 0UKZ SHDO 1JXJ BWEQ QKN,,,1410693041
943,33434,19.145.122.218,FR98 3089 3438 67UB MBXU 7GOY O03,,,1463004643
944,88453,51.204.206.149,BH07 ZDDM GOQC 6SDE FEFJ NA,,,1415669672
945,59092,216.166.18.10,DO49 NXIS 9246 8993 2171 0847 1899,,,1460233978
946,45139,172.251.127.93,MT26 INLW 6074 209D CMH8 YJLI PRJ6 W22,,,1441620001
947,73629,115.48.31.155,FR52 9659 0313 93JG ZJ9G XYIO B61,,,1355203496
948,18069,220.54.144.208,GE87 OL86 1365 1722 9696 35,,,1311445148
949,49719,139.109.188.159,FR25 1297 0439 38QI 15WQ RVRK L60,,,1367295317
950,87937,238.80.119.34,SK89 5868 1093 5056 1816 9329,,,1402079247
951,44367,3.24.49.111,HU58 2269 3395 8770 1718 8531 8435,,,1304419872
952,46397,159.105.121.15,FR18 6725 1209 31VM YGB7 BNXN 356,,,1306630667
953,36717,112.192.76.71,FR27 2372 6337 51V6 XADP QNEE J75,,,1415553536
954,28038,13.16.98.47,HU38 0199 7628 7280 4046 7883 3399,,,1324916131
955,68346,36.32.46.204,FR81 2864 5181 42ET QFQW 4CKN K93,,,1386147355
956,42544,91.249.216.6,IT68 D625 4006 408S 2RW1 1RGZ BYU,,,1313299142
957,40391,217.96.113.122,PL17 1629 3390 9723 8171 7817 7613,,,1431683133
958,63448,148.50.72.40,MR76 0391 8603 4109 4046 1467 497,,,1350685972
959,16358,11.30.231.18,GB61 TZPB 0706 2918 6583 61,,,1373196987
960,25474,229.24.13.204,CZ03 6868 0793 8932 3383 3775,,,1373035099
961,70607,17.12.20.161,PS96 ZHSO 2MHO BOMJ DRPT KA16 R0GC F,,,1383393104
962,15062,10.226.186.29,MD88 SGJW GFEY TWWW U9YQ BSM3,,,1391933411
963,63269,95.133.9.103,KZ81 484O FDXF BO4P 91QY,,,1320499528
964,11946,8.22.23.8,RO07 DVFO YAPZ OKF7 EPLZ T719,,,1474380646
965,10869,119.18.223.170,CR81 7701 3917 7743 5053 8,,,1492531423
966,42074,227.103.97.141,VG85 GDMR 5747 3853 0535 0671,,,1361836416
967,39132,165.195.242.5,TN16 2002 7153 4851 8238 5437,,,1298847880
968,27905,156.86.163.69,RO20 HRZT D9CN 1MUT 7M5S AUB9,,,1382754063
969,66593,194.105.217.190,AD78 6443 1749 7DAA MME8 6EEV,,,1474087721
970,68919,147.226.118.106,FI88 3789 2607 9668 08,,,1379588644
971,40304,255.91.31.67,DE73 5283 2849 0554 8814 54,,,1421989641
972,69976,97.87.99.43,LB52 6692 PPAZ 0PQI WZEL I7FL MO4L,,,1324645986
973,19877,29.118.184.250,GL52 4887 4347 3769 85,,,1493890743
974,80992,196.39.214.206,MR39 3046 3430 5955 3382 1339 990,,,1439200677
975,10985,153.85.58.254,EE18 5789 3409 8536 3100,,,1302914189
976,31341,198.153.192.26,SI83 3924 8148 3273 045,,,1369599665
977,39294,0.108.138.105,MC26 8245 9137 78LY MYVP W7EO L67,,,1365178381
978,45701,169.144.17.64,IE07 IQPR 2155 3564 9380 14,,,1357182498
979,88298,252.208.136.169,EE48 3328 9843 9731 8182,,,1384989136
980,48992,239.173.37.61,LB77 6446 LWFC 3WC6 K48M GIOD LHH0,,,1452876271
981,88198,136.246.180.34,AE03 4768 1020 3022 6571 735,,,1348615722
982,85695,25.67.108.202,FR54 6574 9457 81RE U0EA TXSO V70,,,1393068193
983,11737,153.123.239.217,BA56 9205 5809 9069 7832,,,1324851974
984,59307,181.114.132.180,TN27 3188 3171 6133 3895 3487,,,1348565653
985,32463,166.56.137.7,FO17 8712 1296 2043 76,,,1342846047
986,29199,235.251.47.172,AZ85 PAQQ 04VH 3Q0D 6GNZ ISPD THDX,,,1359244407
987,7313,42.92.254.252,GR14 8907 9290 SCVM EGUE OJNE Q1F,,,1474830960
988,70377,75.8.244.241,IS74 5810 5020 3832 6113 4928 36,,,1472657735
989,67933,154.120.83.151,NL87 ATOD 4828 4187 38,,,1322413401
990,82619,4.179.2.98,FI80 3444 9621 6860 33,,,1309710010
991,26568,97.86.66.104,AE49 7643 2295 6353 5597 576,,,1392580682
992,78789,88.168.9.215,PK89 VAGC 1Y7A KRKB I8JJ MDUP,,,1416426841
993,21358,126.33.154.189,FR70 4602 0669 44UC PF5M 3KOP C99,,,1339436923
994,51283,21.34.205.103,ME20 6212 6516 4922 3342 74,,,1418108764
995,42041,86.235.231.144,DO75 TMEA 8439 6148 9093 8089 0297,,,1436524352
996,82236,145.63.194.164,ME97 3827 2313 2054 0643 55,,,1448601763
997,44510,93.135.113.36,HU52 7627 6190 0733 2996 9662 3872,,,1350931835
998,36496,27.198.216.27,CY73 7129 2259 TTM1 G5PG ACVD 9NCD,,,1399102649
999,88771,5.69.33.11,IS57 7194 8361 1644 7889 5876 76,,,1399106187
1000,40359,241.234.43.140,VG14 JOGD 2653 1194 4771 4434,,,1316614205
