id,Amount,IP,CC_ASN,Phone operator,Phone number,Timestamp
1,64903,182.200.182.47,,Yodo,374-(644)378-4607,1433967933
2,70249,5.30.96.105,,Teklist,7-(549)190-9608,1340635468
3,56728,200.39.86.233,,Pixoboo,53-(912)420-3597,1492158314
4,32911,38.194.98.41,,Babbleset,86-(292)345-5414,1324967377
5,47074,18.96.6.235,,Ailane,55-(270)727-7505,1488192832
6,72161,74.233.122.79,,Flashpoint,359-(255)203-0243,1430849762
7,72921,138.82.133.49,,Voonix,86-(960)471-2229,1358133727
8,7199,233.80.160.32,,Bubbletube,86-(155)319-8183,1337903674
9,46837,51.202.148.144,,Zoonoodle,351-(337)289-4719,1322732730
10,21822,169.92.57.167,,Skilith,52-(455)518-3605,1390560458
11,5815,150.246.200.125,,Yoveo,92-(332)129-0931,1459338462
12,24534,128.196.44.124,,Tazz,86-(994)348-1067,1407570182
13,56959,102.115.234.81,,Kwimbee,81-(331)535-7362,1345941714
14,5671,45.131.107.56,,Realblab,380-(875)600-8955,1421800491
15,15077,97.247.9.122,,Miboo,46-(852)236-3902,1406552719
16,68156,22.166.0.72,,Innojam,62-(412)847-4388,1315849675
17,49950,230.221.225.59,,Quamba,358-(143)472-6547,1384115417
18,65731,113.6.72.250,,Tagtune,1-(317)661-4174,1377052499
19,59469,179.235.254.98,,Skinix,507-(833)378-4977,1370394533
20,75733,0.217.15.70,,Eamia,82-(354)769-7640,1306400611
21,36307,7.29.254.190,,Shuffledrive,502-(769)870-6513,1406514521
22,64635,229.224.195.240,,Wikizz,55-(759)667-6444,1364565624
23,40506,51.215.221.87,,Ainyx,1-(231)796-6046,1425211001
24,46535,89.222.184.79,,Meembee,86-(728)777-6838,1383631083
25,70473,247.218.221.6,,Tagcat,381-(818)836-5784,1402967186
26,70211,252.161.194.44,,Aibox,30-(209)840-8950,1421358845
27,67384,142.72.45.48,,Ntag,33-(326)276-8260,1438220889
28,19766,201.86.13.56,,Kwimbee,351-(354)748-2039,1457987875
29,87585,224.139.190.211,,Quinu,251-(154)153-7341,1361178102
30,85982,68.212.155.244,,Oodoo,86-(124)450-4009,1299394262
31,34054,113.187.78.86,,Topiczoom,47-(136)595-3141,1432673126
32,54415,122.253.163.11,,Oozz,976-(948)288-8133,1484753427
33,29794,106.165.150.89,,Zoomlounge,86-(416)993-1285,1369047806
34,76536,119.169.13.166,,Twitterwire,86-(902)985-7609,1463827924
35,43976,176.192.50.108,,JumpXS,86-(974)692-6945,1431966357
36,37505,237.213.197.54,,Zoovu,51-(289)329-5852,1436808390
37,12511,88.193.209.192,,Photobug,7-(679)272-6515,1425152876
38,58370,228.48.119.106,,Yakitri,1-(408)169-1765,1470080274
39,84832,251.134.169.181,,Ntags,52-(648)343-7109,1390668228
40,40147,37.7.137.39,,Chatterpoint,998-(345)492-4708,1310652678
41,20671,206.12.184.219,,Buzzdog,60-(863)827-8577,1336932155
42,11054,150.120.193.168,,Yodoo,86-(880)437-8563,1387438090
43,74860,100.123.9.33,,Mynte,86-(870)198-2106,1450378670
44,53751,6.47.8.11,,Gigaclub,1-(801)467-5603,1310755024
45,73976,150.149.234.22,,Twitterbridge,62-(176)519-4748,1341963296
46,20099,80.148.123.55,,Zooxo,55-(631)279-5883,1444005635
47,74683,86.116.206.26,,Zoombox,51-(106)479-4225,1311229865
48,38857,23.212.76.194,,Babbleblab,62-(875)878-7642,1435507049
49,8751,112.236.87.175,,Meejo,63-(374)837-8263,1299365875
50,24800,142.205.86.69,,Izio,1-(882)731-6331,1360880217
51,44773,71.27.188.223,,Voolia,86-(900)819-9220,1392504030
52,71195,48.30.130.153,,Abata,374-(808)554-7642,1475843726
53,71075,173.47.241.173,,Flashset,86-(311)879-0232,1326435099
54,44342,36.198.103.11,,Eadel,1-(484)756-6481,1383360801
55,57508,190.187.233.46,,Brightdog,86-(781)541-5356,1449908803
56,83114,160.246.62.52,,Quimm,351-(786)430-9738,1346910737
57,68118,4.103.105.131,,Oozz,1-(913)436-7172,1468473604
58,82143,84.186.38.10,,Myworks,7-(948)300-5958,1369186363
59,61762,42.121.239.19,,Linklinks,51-(268)564-0673,1467988621
60,53110,177.32.104.209,,Dazzlesphere,52-(943)749-6532,1381062003
61,86955,177.100.88.139,,Wordtune,86-(924)820-9987,1372310264
62,49143,162.9.185.47,,Realbuzz,66-(826)991-3718,1307764046
63,28353,132.237.26.232,,Trilia,48-(868)356-3091,1472678652
64,65878,61.28.159.19,,Zoomcast,81-(769)561-3921,1484706023
65,62119,39.104.226.156,,Cogidoo,86-(906)125-3994,1341147685
66,70101,163.126.83.40,,Quimba,373-(859)355-3600,1369283521
67,17748,62.215.24.212,,Minyx,57-(984)673-3455,1306936055
68,57664,245.149.173.74,,Meembee,1-(497)472-4107,1446657773
69,83202,240.208.21.71,,Thoughtblab,48-(822)219-9501,1425716652
70,86585,146.102.206.234,,Wordpedia,62-(623)903-5833,1479364397
71,80143,80.219.98.33,,Jabbercube,48-(945)365-1144,1310482476
72,64221,190.147.60.95,,Jaloo,86-(256)372-3375,1387903652
73,69645,126.103.92.75,,Linkbuzz,1-(707)862-7402,1476961228
74,76119,197.95.103.29,,Photobug,234-(374)218-3773,1388693597
75,33142,153.225.4.184,,Shufflester,63-(946)374-1187,1385792394
76,22678,193.4.113.73,,Realpoint,375-(955)400-6645,1465291713
77,61654,225.115.76.169,,Eare,375-(693)764-1854,1387478300
78,73704,106.236.70.70,,Avaveo,504-(563)772-8793,1388973432
79,48169,233.185.91.146,,Jaxnation,33-(447)697-1634,1308952556
80,47479,22.158.76.14,,Brightdog,62-(652)868-7799,1437245669
81,8865,240.67.68.242,,JumpXS,86-(257)165-7108,1442447213
82,86836,168.241.123.225,,Photobean,86-(853)535-6323,1388059383
83,33822,160.175.14.54,,Tazz,55-(401)705-8782,1471691652
84,51603,94.160.120.82,,Realblab,995-(999)163-8043,1403667522
85,83826,37.117.94.2,,Twitterbridge,62-(682)939-8062,1334126044
86,71965,226.52.90.52,,Brainsphere,48-(929)623-8679,1465544227
87,47631,198.93.71.221,,Demizz,51-(754)850-6766,1412921656
88,17305,134.130.182.1,,Meevee,62-(359)326-5189,1474758369
89,8758,163.201.186.56,,Skimia,385-(730)168-0482,1297677962
90,16082,1.22.253.235,,Brainverse,55-(206)984-9837,1324651278
91,76878,230.199.201.82,,Demizz,237-(321)579-1872,1481474620
92,60191,165.96.44.189,,Trilith,86-(962)604-6967,1476233795
93,9216,82.217.28.183,,Skidoo,593-(698)605-7076,1492014283
94,87359,173.211.114.122,,Oyope,353-(719)442-8965,1424662095
95,86756,251.217.73.7,,Jabbercube,51-(784)804-7184,1392740726
96,64868,200.103.101.253,,Buzzbean,62-(722)305-0346,1396750802
97,51754,15.147.217.110,,Thoughtworks,46-(333)278-7928,1402132473
98,18094,7.221.158.58,,Gevee,420-(310)286-0933,1465931481
99,87186,28.218.221.179,,Babbleopia,86-(916)607-2939,1362893015
100,84596,9.196.245.125,,Tagcat,225-(435)195-2904,1449136020
101,40612,222.252.133.23,,Mynte,86-(535)158-4748,1429223293
102,31113,131.31.171.97,,Wikibox,66-(275)715-8393,1391090785
103,45573,94.98.3.4,,Quire,86-(870)537-2014,1465738469
104,29648,130.191.201.144,,Jabbersphere,57-(716)952-6256,1480285625
105,84870,50.239.147.111,,Fivespan,86-(427)965-0238,1438196539
106,46285,23.194.30.148,,Jabbertype,255-(104)974-0321,1401321059
107,78898,196.247.60.139,,Babbleblab,86-(454)167-8494,1402294211
108,69324,180.152.70.4,,Talane,55-(257)103-0812,1411263383
109,8820,106.120.219.231,,Kazio,62-(528)394-0049,1415656625
110,88200,128.141.103.254,,Npath,378-(762)607-5979,1427488416
111,68125,146.154.190.133,,Fivechat,62-(181)404-0649,1474164550
112,37136,34.134.47.80,,Dynabox,63-(545)849-6007,1433497495
113,11492,19.60.20.92,,Quinu,62-(204)444-0182,1473009185
114,20595,29.173.102.231,,Nlounge,33-(903)490-6134,1444019775
115,79569,26.178.242.45,,Skiba,351-(765)746-9071,1373343188
116,29048,35.164.43.170,,Jabberstorm,240-(343)722-4259,1473890643
117,88761,229.5.71.83,,Kare,351-(395)804-0705,1378509832
118,32752,225.48.161.243,,Abata,385-(479)568-9885,1376128846
119,70247,152.165.126.229,,Topiczoom,84-(490)872-3234,1308815305
120,6351,71.229.80.97,,Thoughtstorm,86-(663)992-9598,1430746640
121,51009,80.134.184.42,,Ooba,62-(231)411-6982,1489949133
122,50810,221.12.84.255,,Realfire,86-(869)463-4381,1410055736
123,76942,31.223.33.169,,Vitz,33-(141)608-1602,1428007841
124,12085,54.132.170.159,,Geba,595-(489)656-6442,1394571259
125,58533,27.139.173.191,,Meetz,507-(825)537-4479,1319485579
126,63514,208.110.173.45,,Devify,263-(798)740-8369,1458246916
127,68957,196.162.57.21,,Tagfeed,86-(361)897-7517,1434746021
128,32934,11.89.107.109,,Realbuzz,62-(900)274-4755,1303449863
129,55620,235.50.188.190,,Youspan,86-(238)255-8954,1360509523
130,26471,77.31.48.162,,Ainyx,977-(938)975-4216,1424989523
131,8646,151.224.150.195,,Fiveclub,62-(486)947-2987,1492609280
132,86849,98.3.104.32,,Devify,385-(120)154-6039,1314417601
133,55598,182.0.95.196,,Fivebridge,48-(354)101-5847,1370095199
134,63423,164.22.169.79,,Mydo,52-(444)893-2461,1329523849
135,34602,204.103.8.236,,Npath,86-(546)738-0050,1410000041
136,61281,236.121.65.13,,Kanoodle,86-(213)229-2197,1456132070
137,26633,105.122.41.210,,Topicstorm,63-(359)385-7554,1318830491
138,65437,44.157.130.52,,Thoughtworks,84-(599)779-4336,1422471617
139,12235,137.80.41.60,,Oyoba,62-(518)950-9532,1322224759
140,61994,123.115.227.174,,Avamba,86-(288)190-6805,1467215610
141,36089,162.129.3.208,,Izio,46-(819)649-4398,1450420842
142,77144,49.122.148.185,,Fliptune,86-(753)199-9807,1309052358
143,25708,38.84.0.219,,Rhybox,33-(508)828-1664,1420109801
144,35311,241.0.103.245,,Fadeo,48-(498)488-3159,1461520169
145,23914,52.116.124.41,,Jayo,30-(761)871-1873,1375007307
146,44945,8.121.227.210,,Latz,63-(886)240-1959,1355272621
147,59516,163.139.241.222,,Quatz,351-(375)539-5490,1450371735
148,84794,249.44.216.136,,Thoughtworks,55-(470)681-3986,1377228956
149,33515,103.89.97.8,,Oyope,55-(874)517-0324,1423863123
150,39140,80.111.233.157,,Lajo,86-(539)104-6563,1330174097
151,20887,124.254.105.135,,Innojam,48-(559)794-3682,1421790464
152,17241,151.254.173.144,,Blognation,46-(196)564-8335,1325349148
153,30672,84.226.62.134,,Zazio,7-(198)165-3549,1484343991
154,31872,212.9.173.244,,Kare,886-(989)620-7154,1454450648
155,15888,3.225.243.122,,Tazz,503-(239)977-8967,1343159651
156,44353,55.27.66.144,,Twiyo,62-(226)793-7525,1437035013
157,75230,170.121.157.148,,InnoZ,57-(219)948-3099,1310531016
158,77750,89.82.111.145,,Jayo,967-(593)196-1457,1335258620
159,80525,51.96.7.25,,Voonyx,62-(424)469-3783,1458479966
160,82402,39.110.22.7,,Blogpad,355-(385)742-4517,1400519483
161,66082,208.6.162.83,,Tekfly,86-(612)828-1236,1370405270
162,82338,242.216.191.188,,Wordpedia,81-(393)709-1731,1355272720
163,45880,21.247.191.140,,Leexo,93-(405)829-1833,1425741790
164,9433,170.72.187.251,,Aivee,46-(225)866-9260,1338472637
165,45598,173.165.52.184,,Topdrive,55-(454)699-1403,1433253742
166,18063,94.118.62.209,,Yodo,595-(159)586-6953,1348847445
167,69195,108.127.85.86,,Zoonder,62-(920)596-2791,1405966791
168,29016,202.37.159.207,,Oyonder,62-(300)372-6180,1325504435
169,82619,46.103.218.27,,Thoughtsphere,92-(343)964-8361,1443835066
170,17698,144.201.130.66,,Pixoboo,62-(197)641-9066,1400116492
171,52980,203.14.41.185,,Geba,51-(184)482-6250,1360115826
172,74477,91.242.128.21,,Gigazoom,967-(902)131-4287,1377243123
173,53387,135.86.101.169,,Skippad,51-(755)526-8707,1443130230
174,49081,182.169.110.62,,Nlounge,48-(436)892-2255,1365669607
175,22765,135.202.193.128,,Jayo,98-(858)381-9948,1408481758
176,35376,125.1.31.196,,Snaptags,221-(540)875-2714,1469328136
177,52632,15.253.184.196,,JumpXS,63-(267)787-9981,1451203303
178,50456,28.128.170.37,,Linktype,63-(287)556-3241,1450417328
179,24857,39.69.209.79,,Linkbridge,46-(788)369-0040,1466897112
180,41122,174.179.254.42,,Riffpath,81-(331)179-0514,1481200760
181,87938,165.210.112.134,,Vidoo,86-(361)443-9373,1491254175
182,11955,18.113.141.44,,Devpulse,48-(569)177-2493,1298660159
183,79202,34.134.136.132,,Quatz,351-(117)741-3433,1365225476
184,58112,225.49.125.179,,Trilia,86-(911)649-1844,1391185079
185,5188,224.243.71.192,,Yamia,51-(258)211-9709,1299328754
186,71777,38.224.220.134,,Skyba,62-(249)589-3136,1444350696
187,49697,111.140.180.96,,Vidoo,356-(272)661-6545,1424653156
188,88745,37.6.226.206,,Oyoba,86-(397)118-6839,1355622325
189,42415,141.252.201.108,,Meemm,92-(772)788-8940,1379529063
190,22176,178.142.243.170,,Tanoodle,86-(313)814-4698,1385949374
191,53549,100.32.104.173,,Vimbo,48-(677)307-8792,1375650508
192,8708,31.104.107.207,,Realbridge,356-(735)719-8672,1468578049
193,54959,121.114.57.224,,Realblab,375-(236)394-1670,1476525435
194,67585,90.22.142.188,,Zoomcast,86-(943)294-3676,1457244566
195,53600,138.115.114.48,,Centizu,86-(558)941-3998,1302515922
196,85641,21.168.42.165,,Ntags,994-(155)127-9724,1432273462
197,34252,184.39.96.19,,Lazz,57-(980)852-8546,1307898830
198,37061,154.191.15.102,,Kwilith,7-(223)635-8294,1322403659
199,30540,64.29.73.23,,Twinder,86-(958)456-3939,1342871557
200,41303,161.151.196.214,,Innotype,66-(163)284-2644,1421849993
201,23869,182.118.184.198,,Brightbean,976-(382)824-6086,1382432824
202,36190,30.144.54.10,,Yodel,351-(192)728-8126,1319613301
203,59110,161.143.96.43,,Voolia,86-(687)357-9858,1412305077
204,72999,122.62.150.96,,Realbridge,48-(770)539-7023,1415595839
205,66306,161.248.5.198,,Brainverse,212-(499)893-3660,1377769018
206,68275,248.151.138.20,,Mudo,84-(442)337-2205,1330581981
207,52579,186.168.180.234,,DabZ,1-(413)817-5984,1470480601
208,35014,178.164.150.92,,Yamia,86-(595)209-0287,1342586228
209,28492,82.111.144.210,,Browsebug,54-(976)408-8296,1417451399
210,70342,62.3.161.128,,Omba,234-(215)656-8253,1467109389
211,70940,115.227.203.204,,Vipe,61-(564)581-3918,1451437554
212,89234,250.56.75.195,,Jabbercube,7-(695)501-7472,1337074698
213,36720,92.99.19.124,,Twitterlist,62-(249)755-3882,1320864566
214,83354,27.249.59.50,,Topicstorm,95-(995)311-1773,1488953159
215,25666,42.90.240.51,,Feedspan,358-(659)270-7072,1330337486
216,66092,187.136.128.188,,Skiba,86-(117)557-2783,1409622281
217,55195,226.60.185.230,,Twiyo,351-(339)957-1788,1455625222
218,37444,173.79.168.40,,Ozu,62-(760)627-7849,1436005150
219,70160,178.151.209.229,,Ailane,58-(181)384-8487,1387853871
220,72945,219.198.48.142,,Fivespan,86-(590)366-3288,1451390705
221,75305,222.22.164.120,,Linktype,675-(157)718-0139,1375011332
222,70348,20.100.127.39,,Fanoodle,850-(454)901-7098,1397542990
223,13364,211.197.193.31,,Chatterpoint,86-(382)962-4128,1438203751
224,23942,177.94.110.70,,Gabvine,86-(320)492-0224,1455445301
225,24417,89.58.249.21,,Ntag,62-(161)604-3055,1422289318
226,5346,169.8.17.211,,Quamba,358-(687)153-7639,1459669197
227,18707,163.27.132.196,,Skiba,86-(432)736-7760,1397374872
228,43769,205.164.255.246,,Realbuzz,63-(185)102-6340,1324177969
229,46383,98.192.175.129,,Centidel,60-(479)428-6327,1301782676
230,54866,199.36.94.119,,Omba,62-(775)102-2987,1298090190
231,26164,165.230.6.33,,Meezzy,48-(840)763-7551,1308611100
232,46104,161.86.161.160,,Skyndu,506-(180)131-9603,1373238647
233,46846,247.33.112.166,,Snaptags,86-(621)123-1013,1356320378
234,11693,127.197.196.180,,Browsecat,996-(776)864-7375,1316097905
235,78561,152.150.3.222,,Jaloo,86-(637)194-7153,1464550315
236,30011,155.248.155.131,,Abata,86-(265)402-4120,1419157780
237,66068,255.218.173.80,,Browsecat,51-(629)168-6790,1387444654
238,17298,46.79.188.118,,Kaymbo,86-(640)379-2042,1396357261
239,75081,108.156.46.164,,Kimia,593-(299)915-4735,1371378022
240,33599,169.172.155.105,,Devshare,55-(982)252-4384,1351698428
241,67899,168.165.34.201,,DabZ,234-(649)392-4210,1485295288
242,35293,243.78.218.46,,Plambee,86-(948)760-1468,1378745129
243,27259,0.108.107.116,,Janyx,86-(453)683-5436,1381998773
244,42803,83.196.1.137,,Skidoo,86-(408)934-0778,1483619516
245,80320,201.178.70.39,,Feedfire,966-(363)297-1647,1443487420
246,73633,174.57.39.245,,Edgeclub,48-(810)530-8206,1414977793
247,44488,245.203.160.165,,Flashspan,66-(161)563-9464,1358931247
248,63102,197.189.89.140,,Livetube,55-(728)348-3831,1354803676
249,5168,86.23.199.129,,Browseblab,33-(729)483-9343,1399265102
250,60824,94.223.10.231,,Quatz,965-(163)649-5322,1333862354
251,72793,143.182.36.17,,Eare,1-(217)765-8898,1463768141
252,12216,110.222.243.76,,Centimia,81-(349)398-5568,1427796893
253,17209,192.34.247.142,,Demimbu,420-(453)155-5325,1404907116
254,86398,25.115.230.250,,Meeveo,86-(306)447-6589,1442786355
255,82036,32.222.29.32,,Oyondu,33-(211)205-2369,1492720129
256,9808,179.217.200.188,,Shufflebeat,46-(385)904-7016,1485606117
257,57111,1.246.238.89,,Tagtune,62-(432)562-8535,1370354457
258,24441,107.191.30.55,,Wordware,7-(544)227-2334,1329643723
259,39382,19.187.70.32,,Devcast,86-(463)851-0747,1373045219
260,42520,62.167.63.227,,Camido,57-(832)932-2191,1477875555
261,36797,243.9.186.194,,Avaveo,7-(244)411-5047,1308267407
262,11688,251.112.156.63,,Skyba,7-(317)576-2942,1323814917
263,23859,174.169.138.187,,Kayveo,7-(495)933-1949,1369074140
264,82986,241.104.8.206,,Roodel,351-(464)970-8567,1447155873
265,45920,97.85.146.214,,Quatz,30-(558)301-0771,1393784411
266,21741,237.161.91.163,,Izio,60-(760)944-9440,1411767383
267,45098,142.78.13.12,,Dynabox,57-(459)997-8688,1347932561
268,30953,66.109.95.194,,Skaboo,51-(932)308-2802,1455460935
269,51561,30.236.186.30,,Quimm,55-(802)851-7963,1470308976
270,55810,230.123.20.130,,Quimba,86-(272)924-3456,1429580913
271,62024,129.47.9.164,,Devpoint,381-(301)171-1470,1408598251
272,49522,104.113.96.231,,Shufflebeat,33-(998)338-6171,1477729926
273,26865,168.134.182.86,,Ailane,351-(251)908-2586,1406642357
274,78770,121.173.135.83,,Flashdog,86-(785)381-1748,1355968050
275,61973,237.13.246.179,,Wordpedia,86-(192)160-5752,1364790521
276,31530,196.74.54.63,,Dabshots,62-(475)134-1538,1480752183
277,41733,141.22.224.221,,Lazz,1-(992)668-0597,1341108836
278,78751,86.56.239.126,,Yamia,234-(777)114-5027,1327357588
279,89453,210.62.106.122,,Chatterbridge,86-(547)696-9610,1354863175
280,59875,83.250.244.187,,Jabberbean,86-(848)658-6360,1413254987
281,75136,206.39.9.19,,Voonder,54-(703)921-8611,1473980688
282,86516,92.117.212.209,,Eadel,62-(148)618-0125,1315060711
283,64970,128.199.106.161,,Feedspan,86-(961)606-3020,1410298631
284,80268,4.211.109.116,,Leexo,53-(856)112-8455,1453129420
285,80702,195.149.10.75,,Fliptune,86-(892)936-9183,1407582687
286,30820,22.237.37.254,,Brainlounge,86-(757)532-9070,1489234278
287,58724,112.92.243.234,,Skyvu,86-(233)162-2573,1397619114
288,8051,29.242.127.221,,Brightbean,269-(221)789-2551,1441546085
289,70166,145.192.145.85,,Oyoyo,354-(316)114-2351,1355472510
290,29466,65.157.156.90,,Tagfeed,27-(984)927-4682,1438612945
291,28616,73.19.147.145,,Kwilith,966-(830)214-5147,1393672414
292,44645,99.154.191.113,,Rhybox,380-(758)615-7703,1396623006
293,41562,177.103.191.54,,Trupe,84-(928)433-5086,1380378258
294,47879,73.103.123.52,,Zava,86-(923)882-3146,1328302927
295,74244,24.182.200.40,,Quatz,502-(590)259-9838,1386113679
296,30273,229.74.98.149,,Reallinks,212-(726)302-4380,1490550480
297,30754,134.56.192.202,,Skajo,255-(735)980-2058,1358158216
298,20221,206.248.120.37,,Tazz,98-(714)489-1488,1373376428
299,61365,210.29.171.36,,Bubbletube,351-(996)428-1091,1364810597
300,62432,108.36.92.131,,Meezzy,86-(101)566-8543,1380520092
301,28970,168.110.78.122,,Linkbridge,86-(225)946-5421,1320423724
302,73076,90.181.239.238,,Jaxspan,7-(140)629-9435,1302482539
303,34169,144.81.76.192,,Meejo,420-(922)957-1129,1334525726
304,19073,23.163.17.204,,Realcube,86-(688)545-9219,1301176645
305,13962,162.168.28.51,,Centidel,381-(165)435-3548,1396081376
306,26262,187.165.201.253,,Flipbug,235-(677)676-4751,1331779988
307,9280,103.157.10.196,,Kimia,389-(841)832-1526,1358570130
308,64057,197.230.166.133,,Twitterlist,7-(395)726-4671,1480103570
309,81114,110.18.229.68,,JumpXS,355-(984)793-9576,1341248247
310,27762,132.235.149.82,,Bluezoom,46-(341)665-9088,1450264217
311,87327,46.254.202.163,,Aibox,420-(695)817-0901,1428771329
312,76145,35.108.105.185,,Photojam,962-(500)958-7894,1299020422
313,80278,147.76.70.197,,Kwideo,55-(260)591-1523,1346773359
314,86969,148.238.49.171,,Skyndu,95-(255)399-6272,1405022951
315,35781,178.111.97.141,,Kwilith,62-(542)950-1169,1347836804
316,35192,116.221.45.163,,Wikibox,358-(880)249-9676,1396766851
317,48422,203.234.190.244,,Centimia,372-(976)534-0102,1445099288
318,62356,81.37.178.231,,Jayo,86-(858)398-8362,1450855509
319,73465,85.189.219.241,,Trudeo,47-(285)828-3512,1454882597
320,63275,166.48.5.59,,Minyx,84-(886)368-5247,1343551598
321,62696,68.225.141.217,,Midel,55-(911)174-7443,1488851546
322,89699,177.226.113.111,,Abatz,86-(888)283-6865,1369472003
323,38782,202.23.120.16,,Mydo,58-(684)643-3387,1426158747
324,35552,235.228.122.218,,Quinu,385-(450)299-9368,1311991832
325,71724,245.97.148.229,,Eadel,7-(771)367-4478,1315975892
326,32123,82.104.100.157,,Skimia,45-(455)336-5177,1333166017
327,56459,131.56.168.117,,Yamia,57-(198)732-0187,1424618007
328,65305,232.104.246.62,,Skinte,62-(993)120-8961,1302332542
329,70153,246.167.242.66,,Thoughtworks,351-(192)647-8156,1392391299
330,27833,140.255.12.163,,Yodo,55-(241)578-9837,1317490493
331,71407,117.142.140.234,,Ntags,856-(867)881-5630,1356794384
332,56042,204.176.191.84,,Topiclounge,62-(795)842-2791,1310909979
333,45956,213.199.119.65,,Oyope,976-(230)981-1064,1444380453
334,89626,18.116.206.45,,Thoughtstorm,1-(360)837-5083,1443088920
335,13594,107.86.253.145,,Brainsphere,86-(497)152-1303,1493466546
336,83329,198.68.146.48,,Tanoodle,51-(688)149-5098,1383213071
337,46199,176.23.186.217,,Voonder,63-(833)448-3740,1432425817
338,15381,109.133.54.6,,InnoZ,86-(563)637-6807,1446496625
339,52564,201.106.134.191,,Skaboo,86-(505)602-8169,1334406412
340,82126,115.194.51.172,,Izio,965-(622)206-4763,1328465623
341,45957,168.178.98.121,,Minyx,7-(988)755-7540,1468655407
342,56104,127.221.96.244,,Meezzy,62-(386)483-1023,1389076409
343,16642,85.230.200.178,,Abata,55-(915)774-9032,1325520800
344,8258,103.16.227.214,,Kazio,383-(906)147-6390,1403249072
345,89644,190.5.255.44,,Dynabox,81-(608)615-8535,1395849948
346,29136,45.38.122.213,,JumpXS,62-(661)791-1667,1490487629
347,29676,202.251.118.245,,Youopia,62-(116)106-0297,1463625931
348,17497,12.127.108.98,,Lazzy,86-(148)270-3248,1335753060
349,54870,130.78.42.126,,Thoughtbridge,63-(857)447-8954,1415924266
350,62540,165.212.147.30,,Meemm,55-(924)295-5032,1355756925
351,39107,94.9.187.129,,Fatz,33-(157)971-2632,1485107760
352,54196,132.86.146.22,,Oloo,355-(303)223-1559,1310926123
353,25431,7.32.218.218,,Yodoo,86-(725)832-1264,1485264749
354,18639,231.140.132.60,,Realpoint,62-(386)970-6991,1366931790
355,64223,67.179.97.164,,Yozio,48-(652)788-6068,1309968463
356,9262,180.221.160.177,,Meetz,7-(937)728-4546,1415847696
357,7683,182.24.238.68,,Skipstorm,55-(745)486-4667,1354264653
358,66236,169.12.84.34,,Eamia,591-(410)438-7037,1386087615
359,6915,201.72.232.198,,Voonte,593-(696)239-3933,1362648542
360,67299,227.231.240.147,,Tanoodle,62-(348)271-2769,1412097341
361,5253,255.240.173.194,,Thoughtstorm,389-(302)675-9593,1471764052
362,78063,103.3.230.229,,Jamia,55-(138)148-5420,1411491577
363,80191,205.120.22.204,,Livetube,86-(894)977-8208,1466130842
364,41976,82.239.170.206,,Kwideo,98-(255)606-3567,1422356943
365,68920,67.37.248.190,,Meevee,976-(677)447-5519,1417216731
366,89378,158.234.238.22,,Zazio,57-(228)445-0925,1334022286
367,39938,179.19.177.180,,Demivee,54-(245)671-1810,1307896160
368,24438,88.121.70.73,,Tagfeed,234-(913)543-8402,1484703552
369,71211,232.62.236.209,,Yakitri,63-(768)233-1118,1387049588
370,88482,172.65.9.7,,Edgeblab,63-(795)321-2370,1315911014
371,34643,229.152.166.91,,Abatz,49-(526)447-7614,1349943086
372,32895,86.93.31.77,,Divavu,63-(356)689-6975,1481465407
373,26114,2.170.56.9,,Cogilith,1-(225)296-9250,1322161355
374,25547,81.184.13.11,,Skaboo,992-(799)119-2674,1418692573
375,65746,128.224.4.11,,Edgeblab,504-(637)353-0967,1297487387
376,10370,25.42.243.156,,Tagcat,49-(528)888-0858,1295539804
377,78612,7.213.112.42,,Zoonoodle,45-(989)220-2838,1392005593
378,49017,4.48.116.54,,Mybuzz,30-(663)380-7309,1467714191
379,19003,243.191.31.94,,Oodoo,1-(202)448-5536,1355231445
380,66692,230.27.85.112,,Jamia,62-(409)686-6503,1406140310
381,15002,52.143.130.199,,Thoughtmix,380-(498)245-5215,1329961477
382,25968,124.153.201.233,,Bubbletube,86-(517)509-7975,1422536228
383,65358,160.212.126.166,,Youbridge,1-(651)647-8647,1339016207
384,34244,209.188.64.109,,Voonte,357-(406)531-8667,1475489649
385,87337,155.94.235.33,,Rhynoodle,595-(397)144-4679,1295916475
386,6066,254.46.39.207,,Realbridge,33-(253)777-7700,1437961066
387,46022,201.207.178.72,,Flipstorm,62-(875)707-3856,1333199176
388,24539,21.136.136.138,,Kamba,48-(852)549-0510,1484915971
389,43040,32.39.24.109,,Roombo,57-(649)380-6224,1453201797
390,76988,58.197.54.154,,Abatz,55-(840)880-3709,1316523650
391,78741,163.27.249.191,,Skaboo,57-(154)440-3209,1371614771
392,54538,86.117.94.82,,Twitternation,86-(947)369-7098,1308404075
393,50912,207.150.19.2,,Chatterbridge,420-(369)369-9795,1388072749
394,76890,115.6.27.77,,Jamia,375-(499)188-0686,1443157781
395,26480,122.56.135.44,,Yata,351-(994)888-6849,1332741205
396,54748,184.82.75.7,,Devify,86-(117)804-9894,1475818742
397,20087,33.170.76.207,,Skivee,502-(341)906-1875,1374069400
398,39382,63.16.61.124,,Mydeo,33-(464)534-2982,1383250054
399,51141,91.109.69.1,,Zoozzy,386-(499)465-2914,1493811190
400,63854,210.36.112.163,,Twimm,86-(242)154-1468,1446350043
401,76701,160.81.164.120,,Skibox,63-(259)791-9218,1418176484
402,51319,53.18.94.208,,Jabbercube,354-(306)413-7596,1476271193
403,89685,111.167.50.170,,Photobug,20-(774)363-0759,1418359042
404,13595,95.31.30.250,,Skynoodle,855-(968)322-7004,1295840660
405,61501,133.172.229.137,,Youbridge,86-(756)244-4097,1434267002
406,76481,246.210.243.50,,Fadeo,84-(282)245-4964,1484845360
407,21145,112.177.19.41,,Skipstorm,351-(338)950-8716,1433902684
408,35182,36.240.79.19,,Digitube,1-(520)658-4611,1475291648
409,10292,43.211.253.82,,Npath,86-(719)811-5823,1392110084
410,43201,131.12.26.172,,Youopia,692-(210)483-1821,1413960926
411,22581,9.212.69.219,,Livetube,55-(408)529-0963,1373019593
412,87463,121.76.102.158,,Photobug,86-(403)541-4487,1409328682
413,62705,112.151.125.183,,Rhyloo,509-(557)265-2885,1362981868
414,24773,104.209.38.9,,Feedspan,381-(494)917-5472,1430146188
415,55164,183.252.22.129,,Bubblebox,62-(531)955-8267,1301003450
416,15867,185.31.189.110,,Wikizz,66-(215)599-1271,1450717926
417,31433,59.211.190.33,,Photobug,372-(815)416-8818,1296627820
418,33259,145.70.165.137,,Feedbug,52-(780)118-2854,1404031757
419,13065,177.40.186.29,,Zoonoodle,62-(760)580-6034,1303026790
420,53669,74.248.110.144,,Oyoloo,86-(216)135-6869,1320490821
421,60362,88.25.208.63,,Skidoo,62-(521)981-8072,1339086066
422,26294,119.11.174.175,,Devcast,30-(749)104-8038,1476213444
423,36766,29.113.158.31,,Wikido,62-(267)855-5708,1415780957
424,64425,220.83.145.178,,Linkbridge,64-(679)105-5642,1418983793
425,11307,50.92.159.239,,Zava,86-(951)449-9038,1320216929
426,66694,117.23.54.61,,Avaveo,351-(101)976-4264,1409836817
427,64183,165.176.102.88,,BlogXS,66-(329)696-3808,1450885842
428,81035,30.133.109.81,,Oloo,81-(370)273-1326,1454098480
429,7138,11.79.156.214,,Reallinks,86-(275)174-1905,1388740091
430,74276,56.96.23.136,,Tazzy,81-(251)132-6108,1340528991
431,56942,18.147.68.223,,Meejo,380-(626)663-5132,1404544853
432,68159,41.49.117.87,,Zoomcast,420-(250)804-0141,1463286562
433,37738,220.58.147.133,,Topiczoom,86-(202)229-8991,1349374495
434,50178,155.96.99.169,,Zoombox,57-(680)990-5230,1461372670
435,21538,210.19.252.167,,Aimbu,62-(154)267-2721,1485103225
436,48764,208.143.160.167,,Skynoodle,7-(855)949-7974,1314527946
437,5922,151.33.150.240,,Browsezoom,62-(162)471-1660,1455093679
438,77281,206.51.158.48,,Yotz,86-(924)159-9266,1387127097
439,11952,139.217.155.148,,Bluejam,86-(963)633-2600,1388542887
440,26813,47.217.16.130,,Wikivu,55-(508)813-5459,1335508719
441,79898,167.113.144.0,,Wordify,86-(320)747-3689,1299619698
442,21521,167.1.158.122,,Wordify,380-(205)465-3287,1364830512
443,64011,19.32.219.225,,Gevee,62-(830)712-3284,1389618724
444,18345,17.75.59.168,,Zava,7-(266)279-7769,1331341862
445,29619,22.92.32.235,,Realmix,385-(742)314-0479,1481778182
446,8726,255.1.29.82,,Twitterworks,1-(630)666-4860,1330490231
447,89400,169.34.245.20,,Vidoo,86-(247)563-4846,1320156510
448,52234,91.243.184.234,,Browsedrive,57-(228)322-7977,1369917881
449,64032,108.204.162.93,,Zoombeat,30-(745)665-0253,1409997658
450,55233,127.9.190.184,,Jaxspan,7-(610)759-1541,1473990381
451,34194,39.166.81.238,,Avamm,420-(982)390-8427,1325861517
452,19167,154.149.18.111,,Viva,86-(587)187-6694,1347943844
453,7060,7.59.30.33,,Jaxworks,57-(970)896-9659,1294954568
454,48148,201.204.246.63,,DabZ,998-(908)818-7213,1370909632
455,24663,255.145.7.143,,Tagchat,998-(546)836-2705,1430512929
456,49188,220.214.255.29,,Vipe,7-(223)586-8831,1412922748
457,55623,249.246.141.101,,Twimbo,1-(502)332-6253,1486857614
458,26423,76.176.130.184,,Demimbu,86-(125)407-6056,1362407184
459,57692,34.156.154.209,,Kamba,55-(662)457-1296,1434794432
460,49607,236.46.198.208,,Demimbu,380-(469)772-1633,1452267040
461,16449,14.32.171.74,,Kimia,237-(461)358-6073,1425052172
462,71333,95.81.188.27,,Kwideo,57-(812)815-0660,1339603660
463,48343,83.164.18.175,,Zoomcast,86-(695)625-5632,1377208886
464,71901,68.81.87.211,,Camido,55-(106)549-8311,1406168013
465,68719,24.207.104.115,,Dabshots,55-(276)660-5484,1487379842
466,82638,175.80.7.212,,Aimbo,86-(915)302-6234,1392240561
467,25609,125.200.80.219,,Demizz,86-(483)940-4561,1381381214
468,87649,8.132.191.76,,Skidoo,48-(954)743-7673,1483989624
469,7027,14.220.194.226,,Tambee,62-(663)448-1082,1319407953
470,56034,218.132.153.109,,Topdrive,86-(839)661-5760,1493235676
471,14329,133.171.112.154,,Meembee,375-(862)717-8460,1449124172
472,15685,145.121.217.0,,Brainlounge,86-(219)535-3942,1481738790
473,15335,113.100.94.101,,Thoughtsphere,7-(505)879-6125,1440028690
474,64648,72.75.205.184,,Jayo,7-(157)277-0314,1485697359
475,40861,251.7.163.245,,Oba,1-(225)357-2098,1388229830
476,61938,81.156.146.15,,Tavu,63-(846)453-2821,1392827790
477,74748,33.255.48.249,,Buzzbean,420-(153)590-1016,1366619449
478,57004,20.171.22.172,,Yodo,678-(448)279-6838,1437948373
479,50731,32.82.214.124,,Rhynoodle,359-(379)603-3850,1452921129
480,87339,31.153.205.52,,BlogXS,55-(343)639-6244,1354424621
481,60883,129.68.1.235,,Trilia,63-(837)109-6102,1482233102
482,59547,31.126.77.30,,Youtags,593-(908)218-7123,1471807996
483,47510,129.94.239.112,,Quimba,212-(950)941-2831,1324275322
484,82442,121.208.144.6,,Riffwire,86-(212)527-7270,1423812160
485,20681,226.154.92.102,,Zoombeat,86-(703)835-7531,1358838417
486,21036,133.234.214.108,,Meetz,7-(280)941-8425,1443805849
487,69824,164.11.23.90,,Wikizz,358-(617)929-9788,1487570856
488,70451,184.93.31.205,,Tagcat,260-(303)334-3358,1366645961
489,37117,70.193.162.28,,Skyndu,51-(684)974-2734,1466542244
490,58074,37.241.136.146,,Wikibox,7-(975)254-7847,1391896470
491,7734,22.146.12.171,,Tagtune,264-(135)647-5236,1391144822
492,62215,245.130.124.181,,Devcast,86-(711)620-1163,1316829122
493,24695,70.50.195.112,,Podcat,46-(260)693-2886,1452332188
494,15852,157.15.244.97,,Avamba,66-(714)407-2078,1319466548
495,9745,108.52.20.96,,Quimba,33-(473)593-1340,1313841792
496,59905,208.9.217.107,,Edgeify,389-(554)873-7325,1373014483
497,13004,93.168.161.227,,Yacero,1-(831)268-3892,1493316050
498,63712,159.143.130.64,,Blogspan,86-(491)653-4217,1414946567
499,23002,161.95.2.75,,Yamia,86-(796)316-0298,1402564736
500,11681,171.29.216.203,,Innojam,49-(377)564-6174,1326253824
501,30790,128.220.18.26,,Wikizz,1-(717)940-7502,1319568884
502,5464,232.184.49.158,,Rhyzio,46-(456)896-0493,1363076239
503,28436,61.151.219.190,,Shufflester,48-(319)412-1655,1414035406
504,77251,234.0.108.14,,Eayo,1-(938)206-8630,1377573831
505,52589,156.45.81.126,,Voolith,212-(537)809-2297,1304351768
506,31067,67.103.87.83,,Mybuzz,27-(333)301-9603,1297654498
507,55405,132.225.49.221,,Yakidoo,30-(440)714-2470,1408969480
508,51362,179.199.173.105,,Flipstorm,86-(446)119-3816,1493357590
509,30537,165.140.226.200,,Meetz,504-(179)672-9860,1399573859
510,50330,231.244.85.224,,Feednation,84-(395)225-5794,1382620603
511,60764,147.188.177.69,,Devify,62-(355)570-2651,1418091434
512,57180,27.116.141.131,,Fatz,86-(961)326-0692,1438172229
513,66399,135.93.191.181,,Trupe,33-(927)830-3758,1347953005
514,36941,7.247.106.136,,Yotz,62-(361)891-0394,1442139370
515,71221,90.104.241.31,,Linktype,86-(342)370-3198,1418122200
516,87447,26.130.255.37,,Jaloo,7-(736)326-2775,1359835626
517,89391,43.63.32.16,,Wordtune,970-(598)679-7246,1452969492
518,66647,243.135.91.131,,Skaboo,373-(333)513-0696,1410313107
519,39669,57.110.243.19,,Livetube,55-(642)200-9953,1353063531
520,73505,198.250.56.15,,Meeveo,63-(886)473-1720,1303516578
521,43543,204.236.45.169,,Muxo,1-(570)179-1547,1440328109
522,58650,34.50.48.66,,Flipbug,52-(115)907-4386,1414891730
523,42978,94.140.194.198,,Feedfire,1-(985)999-9346,1483187565
524,44398,200.94.129.53,,Gigazoom,7-(318)223-4047,1317504189
525,80009,131.161.196.89,,Topicware,86-(669)169-0458,1335098337
526,83366,132.41.187.229,,Bubblebox,86-(952)196-6619,1443079063
527,32439,77.108.19.141,,Plambee,381-(557)577-1555,1383152735
528,48140,0.165.49.255,,Innojam,56-(182)738-3915,1345489401
529,58182,208.73.95.250,,Fatz,86-(819)167-1244,1386263359
530,23701,157.107.34.116,,Oba,62-(108)402-2002,1362397324
531,65379,148.191.28.53,,Twimm,504-(977)690-8406,1438903180
532,46107,162.118.202.179,,Voonyx,48-(123)178-8565,1326469532
533,73016,74.88.137.236,,Meembee,55-(279)631-8669,1397732131
534,73413,237.20.237.46,,Latz,57-(313)736-4476,1417602497
535,28058,69.228.250.221,,Babbleblab,86-(762)192-6826,1455086952
536,53488,3.26.48.172,,Wordtune,57-(971)428-2962,1427850762
537,26609,78.80.3.88,,Kamba,86-(398)584-7796,1442506372
538,55270,83.214.131.179,,Jaloo,1-(710)244-1015,1312200029
539,51999,208.171.10.17,,Meembee,86-(823)304-0753,1409054999
540,38625,156.227.189.207,,Mydeo,7-(149)106-2891,1384952756
541,72252,36.186.227.96,,Voolith,359-(129)966-2084,1476500595
542,37350,60.163.16.223,,Browsetype,7-(254)413-6952,1356842063
543,44435,121.69.100.108,,Demivee,52-(235)628-5297,1453198918
544,39506,19.167.106.160,,Jetwire,54-(947)705-2170,1379358528
545,35790,208.106.176.103,,Trunyx,33-(486)546-5377,1380271854
546,67511,95.103.150.56,,Chatterpoint,55-(713)444-6033,1456030905
547,11601,219.45.77.200,,Tagopia,31-(430)919-3360,1415308485
548,15110,6.236.60.139,,Vinder,86-(426)516-0516,1368569863
549,81833,115.219.230.165,,Yakitri,63-(344)793-7941,1305449925
550,87839,156.23.46.86,,Dabshots,62-(398)334-5818,1326609674
551,70498,37.167.6.128,,Jetpulse,86-(588)245-9581,1381460695
552,64221,182.137.196.1,,Livetube,86-(759)755-1852,1448232080
553,64984,145.92.178.22,,Flashset,62-(475)859-2559,1312031395
554,85904,114.130.251.140,,Ntags,7-(549)562-9586,1461044607
555,46709,7.129.160.82,,Digitube,351-(233)503-4089,1349776774
556,78164,170.241.1.250,,Eadel,52-(706)177-4108,1462031024
557,23658,208.29.94.106,,Wordify,95-(133)253-9968,1371041279
558,16639,143.252.95.167,,Flipstorm,351-(442)404-2998,1360272286
559,27762,59.135.247.121,,Devshare,62-(451)286-2514,1327782411
560,83084,108.36.2.187,,Twitterbridge,63-(808)295-2620,1363896281
561,20247,18.21.95.242,,Oyoloo,48-(910)395-3728,1409128244
562,35026,202.239.67.124,,Geba,63-(578)670-7128,1355493473
563,29095,78.191.145.246,,Ooba,967-(302)635-7764,1407107005
564,50031,245.52.181.122,,Browsecat,55-(566)608-4565,1420994487
565,51640,249.204.15.97,,Viva,86-(620)801-8026,1350925422
566,40490,50.220.78.26,,Riffpedia,63-(218)504-5275,1334139636
567,55769,151.191.75.13,,Zoomcast,86-(251)123-4722,1391545857
568,71103,1.174.252.3,,Bubblebox,967-(454)577-0450,1397147482
569,85221,2.188.127.62,,Linkbuzz,46-(625)188-7805,1435735702
570,82703,86.255.131.123,,Zooxo,237-(307)944-6341,1336221846
571,45952,21.241.110.67,,Bluejam,880-(589)494-9475,1307775344
572,79649,89.243.222.228,,Shufflebeat,212-(617)449-3800,1347934165
573,28315,68.32.154.161,,Jaxspan,380-(878)352-9089,1338527390
574,21480,159.49.112.238,,Leexo,86-(410)730-3419,1448339686
575,7043,204.184.153.29,,Eare,387-(506)262-1603,1428136942
576,64590,26.92.199.145,,Plambee,212-(397)765-5964,1364897825
577,27284,38.251.98.239,,Dabjam,7-(664)702-9306,1314811701
578,13936,16.37.206.99,,Twitternation,62-(203)961-4449,1469104859
579,14073,102.46.53.229,,Tagtune,970-(286)748-1270,1295129433
580,39143,185.77.114.70,,Aibox,30-(928)734-1867,1454207132
581,61065,123.185.184.169,,Jaxworks,81-(329)293-7933,1324577647
582,77412,253.39.8.33,,Livepath,351-(694)755-7881,1394878581
583,62710,39.161.48.186,,Digitube,86-(685)372-7520,1364912663
584,63481,102.138.111.63,,Gigaclub,52-(326)344-8432,1483780407
585,69371,17.145.146.78,,Zoomlounge,380-(338)130-5979,1461267085
586,84225,167.75.12.138,,Katz,55-(492)912-7547,1347033338
587,75185,73.101.180.207,,Devpulse,7-(695)490-7337,1469198803
588,21652,140.235.10.223,,Yodo,351-(157)232-6243,1328589330
589,50890,135.77.110.57,,Lazz,351-(586)254-9436,1383619593
590,36205,127.255.240.47,,Eabox,355-(334)529-8009,1414103115
591,14384,107.132.177.90,,Ainyx,970-(174)809-7533,1381901621
592,86493,197.143.241.236,,Avamm,234-(393)445-2147,1471879841
593,74768,107.96.122.82,,Kimia,55-(428)931-7860,1398947052
594,31206,9.232.179.3,,Fliptune,55-(618)402-8585,1319190416
595,48736,27.155.76.162,,Gigazoom,234-(485)796-8579,1356867519
596,28122,120.166.82.124,,Skipstorm,595-(729)594-9020,1485890335
597,63132,212.187.60.214,,Ooba,63-(264)610-6668,1419179448
598,59826,185.46.110.205,,Eadel,30-(810)331-5344,1414724713
599,47607,136.113.68.159,,Twitternation,7-(986)559-1454,1492612451
600,42319,148.210.8.70,,Voomm,62-(336)239-3685,1427402933
601,21693,89.58.233.115,,Dynabox,98-(941)866-6902,1323080018
602,16781,159.108.161.167,,Devcast,63-(819)630-1301,1393561315
603,49267,22.119.165.205,,Skalith,46-(148)198-8420,1333726669
604,23949,198.127.173.72,,Fadeo,48-(913)362-5746,1370279720
605,16216,163.113.174.43,,Ooba,33-(197)523-8007,1494079537
606,77305,49.212.124.206,,Mudo,7-(282)419-4750,1481587028
607,36308,11.183.39.246,,Twinder,221-(405)807-7072,1486437408
608,17924,75.209.33.56,,Zoomzone,359-(634)966-9399,1463817229
609,67079,162.38.129.151,,Wikibox,63-(124)766-0282,1406000901
610,21586,161.118.46.232,,Mydeo,86-(448)136-8639,1440177055
611,29325,96.66.12.81,,Dabvine,962-(322)443-0216,1324207514
612,49970,161.120.217.55,,Gigazoom,86-(742)602-0120,1375966392
613,75581,150.158.241.43,,Skynoodle,86-(609)280-5596,1309700941
614,7046,226.177.38.239,,Brightdog,1-(750)152-1313,1327814523
615,18367,88.11.208.106,,Jazzy,380-(544)670-4670,1406820106
616,51936,113.0.223.126,,Vinte,420-(472)703-4662,1304594467
617,16015,237.212.226.238,,Wikido,351-(666)610-8825,1454823822
618,12633,17.52.18.176,,Yakijo,86-(949)394-5077,1346904590
619,67584,40.99.111.38,,Eare,63-(487)182-9741,1347719865
620,5987,135.204.120.59,,Jaxbean,27-(736)654-4892,1484496522
621,49426,21.97.29.185,,Bluejam,389-(565)740-6575,1342448343
622,82982,82.159.18.196,,Jabberstorm,86-(976)923-4298,1477154430
623,20430,168.99.49.122,,Ntags,1-(887)963-4794,1407113467
624,64385,251.139.23.156,,Brainlounge,62-(294)572-0114,1371226984
625,16010,177.194.149.241,,Camimbo,86-(187)275-7291,1467939610
626,16752,89.247.67.67,,Zoomzone,86-(832)247-9336,1411823234
627,12107,198.78.181.126,,Digitube,86-(924)765-8903,1413096232
628,37366,18.107.108.219,,Wordpedia,55-(767)906-6906,1309988876
629,8139,117.95.15.91,,Babbleopia,86-(691)476-8166,1312870450
630,49049,228.75.45.207,,Gabvine,86-(707)663-1850,1432003177
631,10031,156.39.172.188,,Flipstorm,994-(976)617-9641,1448582947
632,45501,170.158.203.178,,Ntags,420-(571)561-4432,1304473269
633,43055,187.224.155.242,,Muxo,1-(494)181-1976,1466521578
634,73500,68.70.188.136,,Roomm,1-(216)259-6203,1469517036
635,76702,163.157.77.51,,Rhynyx,86-(440)566-7173,1379308692
636,8335,13.18.19.164,,Pixope,63-(632)752-1129,1417336365
637,77081,24.174.30.197,,Vidoo,54-(526)377-8440,1327195408
638,81322,163.20.99.117,,Zooxo,420-(536)530-2125,1440844359
639,14922,173.234.161.78,,Mydeo,54-(842)330-9844,1454899253
640,26341,234.244.84.117,,Voonte,7-(543)182-7460,1334930026
641,39513,120.109.167.225,,Thoughtstorm,256-(494)303-6943,1308093394
642,44649,88.221.50.0,,Eabox,7-(577)404-4114,1483342488
643,63575,52.241.113.67,,Meembee,7-(692)394-4926,1450325914
644,64464,88.104.20.230,,Wikido,86-(629)604-5008,1490985664
645,13343,67.54.6.202,,Tagcat,48-(521)178-3177,1364439064
646,46678,196.73.53.81,,Zooveo,54-(168)977-1130,1395887671
647,68526,232.191.213.139,,Browsedrive,505-(287)266-9296,1433447070
648,56840,135.62.98.110,,Yakidoo,7-(893)786-6060,1376698900
649,50531,49.9.136.16,,Divanoodle,212-(369)940-0291,1325408918
650,41338,150.213.199.111,,Twimm,7-(254)638-6529,1360462539
651,86531,149.114.202.209,,Centimia,505-(878)599-8941,1320200781
652,80584,75.95.5.183,,Ntag,255-(336)650-4476,1324543134
653,80858,51.212.146.199,,Livetube,351-(658)902-3836,1346122776
654,12932,47.218.17.93,,Meemm,225-(503)841-3455,1322857445
655,63960,137.224.251.174,,Divavu,86-(407)576-0060,1444686883
656,38290,177.254.13.170,,Centizu,86-(519)679-1212,1317815019
657,79996,135.132.234.196,,Riffpedia,63-(147)799-0206,1311178292
658,74024,0.233.173.115,,Twimbo,420-(549)735-9398,1348988317
659,46906,59.165.76.109,,Gigaclub,1-(172)862-9034,1307678972
660,27109,155.215.134.19,,Quinu,86-(852)602-8590,1377813777
661,47986,117.50.17.175,,Dynazzy,63-(276)463-2555,1368486623
662,11571,74.214.228.162,,Oloo,55-(721)453-8485,1466578679
663,41513,2.214.18.212,,Gabcube,55-(254)379-7258,1298399030
664,72320,196.206.202.23,,Wordpedia,57-(121)175-2081,1427218810
665,72849,92.208.93.34,,Divanoodle,61-(841)598-9320,1376708513
666,73651,14.86.19.177,,Realcube,63-(900)306-6165,1472475902
667,73746,201.249.76.52,,Oyope,380-(327)282-5246,1358491591
668,80409,246.208.220.134,,Dynava,30-(562)459-8814,1421595127
669,58610,170.14.26.105,,Flashdog,7-(515)983-6115,1410522928
670,39427,75.224.75.144,,Skilith,55-(670)537-5564,1306282605
671,62109,52.251.48.48,,Voonyx,63-(438)117-5052,1356124743
672,44452,96.204.25.193,,Feedspan,374-(368)571-0994,1468767435
673,86909,53.80.46.144,,Skiba,86-(376)658-7107,1443276575
674,58654,33.85.181.244,,Photobean,992-(935)658-6514,1301288751
675,35188,135.33.126.233,,Thoughtbeat,82-(233)878-2732,1338142816
676,53301,249.248.213.249,,Photofeed,33-(467)416-8638,1426797341
677,84749,76.194.27.35,,Topdrive,55-(615)372-5409,1422184756
678,28411,54.96.106.158,,Skinte,86-(460)355-0768,1344308179
679,87273,244.99.75.101,,Youfeed,961-(832)473-1387,1489800686
680,47569,118.164.146.101,,Meedoo,7-(832)584-3537,1422998442
681,20850,70.103.229.163,,Skibox,256-(337)757-0884,1397558421
682,39663,219.231.78.145,,Lazzy,1-(458)711-5584,1461172767
683,52544,42.175.222.42,,Flipopia,62-(112)888-9012,1485708380
684,38752,81.184.160.144,,Trilia,58-(446)795-7287,1366726652
685,75260,87.189.216.155,,Blogpad,86-(547)601-8980,1380684031
686,78275,245.248.231.248,,Mynte,7-(370)418-7777,1438587752
687,22321,248.19.113.59,,Myworks,30-(597)863-2014,1489168964
688,41364,170.12.142.164,,Realcube,238-(390)564-5939,1398505579
689,66201,73.140.112.124,,Skajo,39-(921)761-1327,1379420781
690,53945,69.12.38.101,,Jatri,55-(204)754-6319,1399769760
691,63583,140.234.39.59,,Feednation,353-(825)365-0345,1479347112
692,26841,18.170.225.131,,Oloo,63-(465)596-8518,1339743241
693,89806,66.67.50.109,,Fadeo,86-(991)363-3262,1394142607
694,64134,239.230.182.204,,Youspan,20-(905)821-6649,1319871384
695,74311,17.127.228.83,,Tagchat,967-(676)807-9611,1405962773
696,36068,112.49.17.241,,Jamia,7-(768)912-8836,1407540598
697,62910,94.66.24.91,,Topiczoom,591-(531)882-3749,1296571949
698,53121,107.23.111.240,,Tambee,1-(584)849-5828,1324785208
699,14268,200.118.117.166,,Jamia,260-(242)182-8261,1401695813
700,67542,100.118.143.224,,Flipopia,55-(880)598-8416,1443326737
701,65004,30.19.33.191,,Meezzy,62-(212)139-0501,1321946316
702,85947,235.231.169.59,,Browsecat,7-(102)434-1108,1377054420
703,80213,123.74.231.140,,Youtags,7-(777)488-4452,1353398798
704,31943,240.33.29.204,,Lajo,63-(752)889-6690,1340257489
705,59525,160.185.31.233,,Trilith,86-(925)565-3071,1446351250
706,12020,251.213.150.221,,Kwinu,357-(869)524-6772,1311485557
707,81555,185.112.118.87,,Dazzlesphere,249-(233)362-7006,1366357770
708,60850,118.132.215.241,,Dynazzy,49-(252)239-1217,1431278421
709,13355,141.134.47.35,,Jabbersphere,351-(531)454-7279,1400784726
710,39710,4.221.185.221,,Teklist,226-(911)802-9273,1392069445
711,43977,54.244.243.62,,Livepath,966-(483)386-0584,1409434474
712,16229,79.13.231.165,,Realmix,7-(770)458-5225,1315676801
713,64462,137.220.8.215,,Zoovu,359-(272)983-5057,1298659381
714,25632,208.94.228.225,,Realblab,86-(799)198-9940,1300465034
715,59320,213.95.25.44,,Thoughtbridge,86-(708)355-5626,1306448349
716,82099,3.220.158.162,,Feedfish,232-(158)444-5052,1326161331
717,7704,138.125.92.206,,Ailane,86-(719)767-2510,1425403833
718,52534,146.153.20.195,,Jabberbean,62-(686)636-4177,1351779784
719,36109,140.7.71.28,,Innotype,359-(685)739-0507,1355936883
720,9988,209.248.184.85,,Demivee,385-(301)410-4749,1470782075
721,84798,187.133.146.66,,Jazzy,212-(257)377-7804,1380379714
722,89483,42.141.31.76,,Thoughtblab,375-(321)354-1400,1454077963
723,14047,0.49.177.210,,Aimbu,86-(622)662-5829,1452477528
724,75907,3.200.58.95,,Avamba,7-(771)514-8556,1408649271
725,48406,13.201.205.91,,Podcat,976-(480)710-0676,1449339529
726,6939,219.29.108.22,,Realbuzz,7-(809)823-5383,1325217435
727,67044,130.235.167.118,,Blogspan,251-(310)981-7080,1390005422
728,11009,230.169.190.206,,Skibox,234-(829)620-1635,1399044332
729,58097,126.177.121.97,,Janyx,86-(539)604-3818,1363026568
730,49539,234.241.93.162,,Quimba,53-(532)509-4107,1326238416
731,70995,250.93.238.31,,Miboo,60-(717)186-0156,1403056929
732,58721,232.123.10.184,,Jayo,46-(731)965-6991,1304645052
733,28299,83.206.129.146,,Dynazzy,593-(535)604-9338,1469941948
734,77178,23.40.113.72,,Plajo,86-(153)955-1519,1479630034
735,19186,92.170.214.175,,Meedoo,86-(420)264-9681,1328042535
736,62788,11.220.37.193,,Aimbo,7-(233)827-2300,1479654086
737,59817,16.174.102.222,,Skidoo,84-(879)228-8364,1304733971
738,7036,55.46.167.236,,Tazzy,86-(990)352-2215,1399441257
739,57242,162.126.162.23,,Jabberstorm,55-(886)943-0315,1484112161
740,51281,173.169.7.123,,Jaxbean,55-(668)225-9570,1380464268
741,79291,209.106.20.73,,Oyope,81-(993)667-2561,1483585922
742,30639,133.100.176.247,,Vinte,94-(480)444-5330,1426255788
743,88826,211.147.29.156,,Realmix,98-(850)885-6164,1322977526
744,24911,135.223.248.141,,BlogXS,503-(509)428-9103,1353414595
745,34162,179.217.52.51,,Browsetype,86-(280)238-2686,1342965447
746,80588,95.193.216.9,,Jazzy,86-(339)995-5759,1298079739
747,19557,129.68.212.212,,Vinte,7-(918)420-9747,1321776882
748,89825,118.65.19.171,,Yodel,62-(301)122-8167,1319781936
749,85094,171.168.97.180,,Mudo,63-(953)617-0325,1383357040
750,24262,137.31.92.81,,Pixope,86-(319)930-2836,1406444926
751,82052,164.103.73.181,,Edgeclub,380-(485)570-2631,1318116121
752,88644,122.176.79.156,,Linkbuzz,86-(388)273-0257,1448780694
753,52942,65.191.131.85,,Tagopia,380-(647)394-8533,1360026339
754,24854,147.134.135.60,,Wordify,1-(692)378-0256,1365567416
755,19481,52.146.170.98,,Quimm,234-(977)393-4655,1452640046
756,12813,35.205.20.230,,Youfeed,46-(425)616-8857,1340427125
757,72993,143.97.254.113,,Plambee,86-(241)852-2402,1419445224
758,21918,62.255.171.53,,Meembee,1-(801)742-8676,1420467429
759,46722,24.232.119.140,,Zoombeat,62-(862)976-9587,1491153318
760,82885,42.103.212.215,,Quimm,33-(372)365-7818,1399536843
761,75599,90.71.231.159,,Voonix,967-(853)590-6189,1360653579
762,89769,185.165.176.135,,Dabtype,86-(138)204-1603,1331643116
763,31857,247.209.146.249,,Shufflebeat,84-(724)626-5819,1362169980
764,74624,251.35.39.16,,Eimbee,1-(202)814-3181,1356515301
765,23689,66.105.253.1,,Twitterwire,52-(448)747-9100,1378667551
766,17493,99.171.190.49,,Vinder,46-(527)870-5632,1437181430
767,48141,95.34.209.29,,Innojam,506-(623)552-8054,1473018060
768,24551,109.111.237.93,,Bubblemix,970-(437)407-8719,1393264719
769,12236,193.62.34.231,,Podcat,48-(794)718-0172,1430145029
770,67537,151.104.154.181,,Skimia,52-(373)110-3534,1412595941
771,81941,231.240.123.240,,Kare,380-(759)247-4442,1443733278
772,30153,216.86.152.162,,Jaxbean,420-(414)380-2777,1481217075
773,85377,199.73.173.178,,Quatz,86-(487)175-7507,1357198670
774,39567,106.12.147.240,,Thoughtbridge,48-(165)807-7707,1440903264
775,53454,225.46.83.104,,Feedfish,86-(432)980-9940,1336045812
776,16282,132.67.25.96,,Meemm,976-(488)243-6613,1427218579
777,7435,165.153.203.122,,Jaxworks,48-(626)350-5638,1352729510
778,61246,246.156.163.66,,Trudeo,55-(955)859-0935,1402233865
779,44313,34.234.124.35,,Thoughtbridge,380-(463)599-0240,1482478756
780,66938,85.39.53.10,,Vidoo,86-(701)613-2342,1339387774
781,27257,159.129.68.66,,Voolith,261-(871)584-2670,1307556405
782,40755,65.6.214.205,,Yoveo,351-(939)825-9493,1404790416
783,26057,82.115.14.148,,Edgeclub,62-(964)431-5675,1409625760
784,20878,37.142.119.35,,Voolith,53-(588)969-2241,1451804321
785,10746,191.46.20.224,,Brightbean,962-(898)514-3965,1432386142
786,68526,204.232.66.121,,Thoughtblab,62-(809)255-2921,1462975573
787,74528,136.254.18.128,,Quinu,212-(200)756-3408,1352352648
788,59028,95.97.56.222,,Tazz,86-(291)846-2616,1431889747
789,71535,126.142.32.24,,Jabberstorm,62-(364)511-3244,1431528106
790,21323,253.179.178.183,,Fivechat,7-(251)206-8693,1478391875
791,18713,115.90.197.204,,Twimbo,86-(749)219-3265,1436467479
792,27618,35.141.86.74,,Eamia,593-(434)154-5750,1345610656
793,55260,23.230.44.80,,Meejo,33-(569)972-2662,1485394050
794,82754,30.247.133.203,,Jaloo,62-(125)753-0434,1402903251
795,17685,87.25.231.25,,Bubbletube,62-(817)908-3572,1377601256
796,40545,66.20.155.41,,Wordpedia,55-(137)480-9321,1412680694
797,83805,205.195.48.17,,Centidel,351-(227)954-8171,1379463443
798,23053,129.30.58.34,,Youfeed,46-(916)799-8923,1341269559
799,65813,40.130.86.202,,Jetpulse,505-(931)685-8301,1357334893
800,23177,27.161.8.78,,Oodoo,33-(830)490-1859,1301926023
801,43008,64.36.131.127,,Gabspot,358-(378)934-8404,1378589065
802,77095,101.121.66.104,,Divavu,62-(805)496-4475,1462613338
803,14529,242.108.197.106,,Riffpath,62-(793)801-4577,1451912004
804,49255,247.165.202.234,,Zoomlounge,351-(189)597-4453,1494491073
805,16764,141.25.241.238,,Jabbertype,675-(774)879-2016,1401964500
806,57547,101.84.164.244,,InnoZ,51-(890)822-4649,1324900016
807,73484,248.117.227.96,,Wikizz,86-(643)721-8841,1415740736
808,5569,110.199.33.239,,Browsedrive,257-(837)339-1289,1419104074
809,8060,173.131.153.220,,Wikivu,86-(218)148-6174,1313302063
810,49826,241.86.1.203,,Skajo,63-(168)617-8751,1326730625
811,61360,94.45.82.106,,Twitterbeat,46-(573)600-5443,1469182920
812,36840,38.210.175.157,,Cogibox,86-(866)122-0048,1355120432
813,10477,65.3.178.137,,Tagpad,53-(603)593-8740,1465829766
814,49682,17.134.95.245,,Innojam,62-(247)436-3001,1300973628
815,12273,44.45.250.246,,Jetwire,86-(724)530-7094,1432141844
816,27023,54.137.225.186,,Yakijo,48-(131)457-6566,1403158019
817,54009,252.107.36.178,,Gabcube,86-(539)439-1279,1472653549
818,11700,206.117.146.88,,Oyoba,45-(103)312-7355,1333420268
819,8256,3.1.237.107,,Centizu,66-(430)757-8684,1390377560
820,19778,251.98.14.58,,Thoughtstorm,81-(665)445-4392,1494026854
821,49695,158.59.134.90,,Ooba,86-(858)376-7017,1427650701
822,75857,79.6.52.152,,Oozz,20-(971)590-8203,1396132325
823,22152,171.80.102.156,,Flipbug,86-(948)375-5944,1361009330
824,89790,151.132.175.218,,Edgewire,55-(722)735-1517,1493347404
825,61985,62.184.133.250,,Gevee,351-(750)814-5394,1369938022
826,81326,190.165.7.14,,Aibox,380-(887)113-1468,1436313006
827,82084,20.48.106.50,,Centidel,420-(601)558-9449,1378743679
828,77724,136.27.172.97,,Devcast,258-(739)786-9287,1465745286
829,54443,248.78.39.53,,Photolist,420-(594)858-6855,1340623931
830,88069,196.154.211.3,,Browsecat,86-(171)560-8787,1451359180
831,70149,167.106.82.228,,Eidel,685-(641)825-7161,1427426257
832,32270,16.56.89.214,,Photojam,48-(947)981-5242,1354550505
833,75929,76.87.81.140,,Quimm,82-(722)675-3091,1463621390
834,5409,7.11.205.74,,Rhynoodle,86-(138)237-8949,1405583700
835,55140,39.141.94.113,,Edgeblab,380-(931)884-6965,1304613665
836,11940,93.160.115.203,,Flipopia,86-(469)356-4022,1317111644
837,80511,163.126.199.160,,Gigaclub,55-(378)183-8132,1464578182
838,87086,218.5.184.42,,Jetwire,7-(838)801-5982,1408994595
839,89739,158.65.165.253,,Gabcube,86-(376)633-7556,1415575907
840,62035,168.127.22.135,,Mudo,7-(226)581-7257,1326032061
841,40895,82.225.45.125,,Linkbuzz,55-(813)179-0520,1335230157
842,8177,116.177.108.89,,Quinu,86-(478)582-3516,1482198460
843,11004,151.96.156.70,,Wordtune,62-(162)369-4173,1395990459
844,64815,0.249.206.174,,Rhyloo,55-(175)350-1742,1347433040
845,57538,37.227.171.33,,Linkbridge,1-(241)313-7658,1467528780
846,79235,215.133.101.79,,Jabberstorm,30-(381)586-2451,1297013247
847,36304,84.6.122.146,,Miboo,86-(330)430-3946,1298183329
848,59862,206.217.201.36,,Skinte,63-(435)448-3126,1437888924
849,26431,181.78.211.60,,Fatz,7-(645)229-4673,1333576076
850,51148,78.32.194.98,,Yakijo,63-(908)653-0956,1359820673
851,15096,203.104.86.49,,Digitube,420-(391)292-0339,1430974987
852,75444,115.241.215.204,,Eazzy,351-(525)708-6675,1394976611
853,81746,19.255.181.168,,Rooxo,62-(389)204-9134,1329905350
854,75631,113.204.197.145,,InnoZ,86-(667)475-5421,1299881984
855,70550,26.9.161.244,,Jatri,47-(781)992-3292,1325090209
856,45184,173.92.107.30,,Jaxworks,86-(544)518-0370,1414616139
857,82184,113.119.151.42,,Rhybox,7-(578)379-5402,1361029666
858,74801,57.156.37.45,,Twitterlist,261-(346)739-7255,1476001454
859,16612,163.122.240.27,,Twitternation,353-(887)679-5917,1370692905
860,85296,38.209.188.78,,Skyble,385-(983)696-6604,1373742826
861,84515,171.5.34.0,,Zoomzone,63-(385)383-4190,1342867972
862,54655,160.177.246.247,,Oyondu,420-(175)143-8307,1385155411
863,9053,191.156.79.87,,BlogXS,351-(947)802-3425,1320679803
864,56129,198.80.226.100,,Dabshots,55-(759)901-4013,1391090054
865,49577,195.142.248.141,,Leexo,7-(312)866-4370,1354088587
866,77159,112.43.36.28,,Fanoodle,1-(936)507-3397,1337318026
867,42359,235.174.88.203,,Youbridge,970-(519)717-5352,1373309790
868,33157,199.25.191.138,,Zoomzone,86-(878)655-6871,1404637461
869,85262,245.129.137.178,,Vidoo,352-(969)404-5299,1433571963
870,36820,247.199.38.223,,Yoveo,86-(546)709-4233,1354183629
871,82234,224.14.66.185,,Thoughtbeat,212-(598)887-6310,1490645502
872,57839,201.75.37.63,,Fivechat,62-(636)638-6456,1323757619
873,12186,120.40.149.239,,Brainbox,66-(772)705-7227,1432480502
874,82258,215.117.232.52,,Tambee,62-(331)326-8994,1388533962
875,73371,123.109.86.106,,Meezzy,963-(438)534-3398,1426407129
876,69168,106.255.86.109,,Thoughtstorm,33-(174)171-0956,1392007526
877,8811,220.8.100.70,,Yambee,86-(677)100-6725,1317074075
878,6584,240.244.55.181,,Vinte,63-(621)463-4309,1489557249
879,13472,76.65.146.107,,Twitterbridge,84-(669)274-0189,1418917543
880,88736,129.77.213.99,,Bubblemix,93-(985)543-7796,1341578114
881,29647,61.194.224.30,,Yata,46-(721)640-3457,1463754767
882,58830,63.142.127.76,,Trunyx,420-(707)841-9168,1429665053
883,13327,73.254.149.39,,Kwilith,351-(844)518-2162,1466455809
884,9528,40.210.153.126,,Katz,386-(157)407-0737,1448430997
885,75648,94.209.164.140,,Skajo,62-(894)827-8590,1405340652
886,62389,150.197.109.141,,Plambee,86-(931)678-2752,1465026504
887,47176,92.113.22.212,,Zoomdog,970-(626)131-0577,1448607598
888,48603,254.174.7.75,,Twimbo,86-(678)857-9261,1397980635
889,86059,202.196.175.211,,Innotype,63-(393)158-1223,1407472606
890,26318,217.181.122.141,,Realcube,992-(584)252-2769,1337618396
891,27424,86.18.153.168,,Realcube,7-(279)105-0724,1301584167
892,12354,237.28.233.170,,Flashpoint,33-(339)955-8989,1461640708
893,55361,28.43.28.188,,Twitterlist,86-(332)341-0809,1297942365
894,58825,25.173.221.64,,Linkbridge,963-(374)707-7191,1318415243
895,12980,230.21.157.50,,Mynte,86-(993)737-1932,1454144892
896,38013,122.215.246.80,,Layo,62-(445)747-8164,1298433835
897,14656,65.197.37.126,,Oyoba,86-(736)739-8289,1485314423
898,32524,153.141.141.80,,Ooba,86-(592)419-0923,1438974070
899,79131,188.78.63.206,,Mymm,420-(705)186-8596,1479550301
900,16985,235.189.170.164,,Gabcube,263-(103)515-5623,1417989692
901,31671,202.130.19.236,,Brightbean,86-(405)457-2728,1304397165
902,62197,40.185.125.147,,Demizz,86-(775)418-0711,1352767867
903,44149,153.199.135.25,,Yakidoo,220-(795)574-9669,1360855076
904,41791,63.106.65.190,,Wordtune,30-(785)502-4139,1362797851
905,8430,183.64.157.8,,Roodel,62-(426)539-5071,1409485056
906,30446,116.163.74.189,,Topicware,269-(792)304-7536,1334549284
907,22362,35.89.3.13,,Bluejam,1-(352)151-2414,1448521075
908,27064,86.207.217.169,,Feednation,86-(271)438-8992,1402348035
909,37519,243.188.27.73,,Voonder,62-(935)931-0127,1379972542
910,41226,150.14.197.9,,Oodoo,86-(732)855-5268,1364653488
911,41645,204.86.44.179,,Kare,86-(178)779-4131,1381737199
912,20056,78.130.166.201,,Wordware,249-(645)685-9112,1401093117
913,51943,160.232.186.246,,Photospace,94-(635)604-8805,1402973979
914,20331,56.206.109.180,,Nlounge,63-(540)427-6004,1352779988
915,72802,177.179.52.131,,Feedbug,86-(258)872-4912,1487538996
916,89559,175.93.221.95,,Realmix,86-(155)580-2881,1336174597
917,57026,37.37.169.71,,Tavu,359-(790)745-9420,1378865788
918,71810,178.168.226.194,,Teklist,255-(458)914-9771,1444212657
919,17905,153.217.78.253,,Jabbersphere,33-(880)939-3337,1446284693
920,21523,242.252.227.245,,Babblestorm,54-(547)802-0034,1464049233
921,71481,77.180.23.25,,Edgepulse,86-(849)920-6687,1384913341
922,46893,67.122.90.167,,Thoughtstorm,92-(927)494-5019,1439697879
923,26058,240.72.143.165,,Eazzy,86-(773)770-1760,1323434429
924,72010,182.203.250.211,,Dabshots,63-(817)489-6346,1363633999
925,72031,178.69.121.150,,Dabvine,86-(650)807-5256,1445261910
926,77924,6.112.252.49,,Quaxo,386-(769)698-7365,1438498035
927,82468,0.86.137.210,,Twitternation,1-(212)262-5403,1327379411
928,84541,95.139.215.117,,Fanoodle,86-(488)572-5251,1485360498
929,59798,240.225.75.226,,Dabtype,7-(397)379-9864,1310674605
930,20304,141.225.241.162,,Roombo,7-(494)213-7432,1347415495
931,16886,50.46.20.113,,Skinder,86-(289)182-6822,1490592277
932,68642,54.162.186.156,,Avavee,33-(201)683-8659,1413759112
933,75241,128.254.12.45,,Dablist,55-(498)625-0990,1297349653
934,59215,33.139.93.243,,Thoughtbeat,62-(681)379-3678,1381523549
935,38745,115.240.79.236,,Eimbee,46-(103)124-8242,1461598105
936,26729,59.217.49.255,,Fiveclub,62-(568)129-9603,1407550527
937,38269,238.232.188.76,,Gabspot,387-(218)771-3276,1297865602
938,61995,70.158.192.177,,Tazzy,86-(381)442-7601,1309029708
939,25253,56.0.194.216,,Kazu,1-(775)266-4992,1387688961
940,52778,251.225.3.97,,Babbleset,86-(886)790-9003,1480416167
941,23388,36.198.11.191,,Edgepulse,44-(114)791-2586,1296467390
942,42866,76.242.200.198,,Skipfire,48-(907)778-7646,1427927014
943,56091,6.55.162.14,,Babblestorm,251-(321)425-1684,1334372506
944,85472,109.11.210.206,,Rhyzio,63-(977)949-2507,1434691638
945,60366,92.55.140.5,,Ozu,1-(409)441-1236,1303662339
946,38719,122.85.133.207,,Mydo,41-(428)162-6995,1474011988
947,71011,147.191.178.175,,Gigashots,502-(624)346-5531,1341296560
948,28691,156.236.129.31,,Youfeed,62-(751)976-0971,1354763943
949,80630,155.12.44.31,,Zava,596-(699)925-2528,1438733055
950,27116,154.229.167.154,,Snaptags,57-(618)947-2410,1339002061
951,30864,118.198.230.175,,Dabjam,54-(719)746-0666,1444103224
952,19687,40.198.206.10,,Twitterbeat,7-(384)678-0920,1362890813
953,85067,209.3.108.219,,Centimia,46-(397)100-2160,1304646032
954,76133,161.33.188.95,,Quimba,375-(297)487-6131,1476342960
955,48893,166.114.80.210,,Feedbug,86-(421)676-5477,1296491831
956,32053,160.148.49.97,,Bubblebox,358-(298)340-6365,1440826409
957,67439,177.210.196.248,,Meezzy,374-(388)849-9678,1356522553
958,75784,235.205.102.44,,Vinte,1-(512)190-6436,1294697158
959,87793,142.38.105.105,,Realbuzz,231-(828)705-0878,1460861030
960,41506,96.193.19.65,,Dynabox,33-(176)337-2453,1474161731
961,28117,170.88.248.162,,Ailane,237-(129)289-3297,1391738258
962,30069,120.201.19.64,,Flashset,351-(823)859-3074,1417618295
963,64116,148.41.228.61,,Skaboo,86-(801)674-2114,1321145293
964,12499,72.137.46.230,,Fivespan,375-(472)879-2066,1477988383
965,80711,190.7.30.118,,Twitterwire,48-(975)234-6261,1474733388
966,11314,87.221.102.208,,Yoveo,62-(599)466-9037,1481037027
967,26995,207.198.180.67,,Leexo,63-(923)770-1691,1457663967
968,86310,89.231.165.36,,Centimia,216-(183)805-4874,1303323533
969,81553,32.206.30.33,,Miboo,86-(131)662-0504,1422606902
970,83047,17.218.172.154,,Meeveo,63-(205)846-4088,1379713817
971,53213,11.176.128.140,,Meevee,63-(676)141-9076,1448170075
972,11134,34.245.195.135,,Meevee,86-(796)222-7938,1437666162
973,30778,137.166.226.137,,Dabtype,7-(582)698-7736,1330588025
974,32441,252.79.170.3,,Rhybox,60-(164)943-3654,1347330408
975,43861,95.69.224.105,,Photospace,351-(361)530-1823,1442661759
976,14159,205.216.224.227,,Cogidoo,81-(192)625-0242,1414589167
977,21910,213.106.124.66,,Kare,48-(602)938-8922,1432213766
978,45259,147.143.195.196,,Dabjam,86-(453)339-7363,1374246979
979,72534,31.219.46.226,,Gabtype,967-(612)836-0899,1470013828
980,54052,206.87.228.62,,Fatz,54-(394)980-3920,1484352143
981,43874,64.130.17.42,,Yata,62-(865)856-6390,1302328878
982,33762,54.234.150.159,,Kazio,976-(553)344-2861,1331608279
983,48215,97.60.138.42,,Jaxnation,86-(555)668-8675,1342389722
984,36642,47.115.224.53,,Jaxworks,55-(292)399-1569,1465606990
985,77211,149.212.243.203,,Yakijo,86-(308)623-8810,1341949402
986,25365,247.36.124.165,,Skivee,86-(865)636-2869,1334369481
987,55530,127.238.234.239,,Topicblab,51-(730)265-4869,1344828397
988,60946,104.152.70.93,,Trudoo,48-(123)331-1965,1299105228
989,48472,80.137.138.140,,Vitz,86-(465)895-0399,1300797608
990,63181,202.27.240.206,,Chatterpoint,86-(456)302-0890,1481666455
991,86080,245.42.180.118,,Nlounge,63-(298)896-7072,1399788804
992,50768,52.86.64.209,,Wikizz,52-(301)653-5198,1399206245
993,42461,235.154.248.123,,Aibox,227-(950)841-6144,1411221386
994,74910,2.70.44.72,,Zooveo,63-(269)774-2813,1303274380
995,44984,160.61.202.252,,Voonyx,64-(362)160-2753,1423836536
996,89718,208.72.23.237,,Reallinks,86-(917)563-1427,1401479218
997,24079,213.138.183.248,,Demivee,261-(307)598-9212,1482035204
998,83873,86.145.182.217,,Yakijo,375-(833)641-3424,1332233876
999,40116,213.50.158.165,,Jazzy,81-(724)681-2767,1355172662
1000,26434,158.188.173.144,,Avamba,98-(168)252-9626,1340692788
