id,Amount,IP,CC_ASN,Timestamp,Card type,Card number
1,71130,19.34.26.90,,1429973649,jcb,3536700324332140
2,34107,176.81.206.0,,1420988976,visa-electron,4917478980133100
3,38289,138.234.57.24,,1359129909,jcb,3549645382255470
4,25430,52.80.160.33,,1463269908,jcb,3528547539224310
5,60900,12.137.253.79,,1387632509,jcb,3579204166472460
6,89545,236.37.251.78,,1375250077,switch,6333778598201150
7,58526,208.201.59.23,,1313597397,jcb,3566556665433810
8,61398,174.168.117.109,,1453923646,jcb,3554131618672170
9,53671,14.68.207.109,,1411495273,visa,4041595729226810
10,18607,74.246.88.115,,1435463430,jcb,3536511475482000
11,21186,174.161.91.249,,1307764703,jcb,3586123341707380
12,44980,168.54.48.243,,1455961450,jcb,3560472424309170
13,50169,251.22.6.29,,1336274734,instapayment,6389190661186440
14,34110,19.21.88.174,,1316898897,bankcard,5602235013092670
15,75441,165.137.163.4,,1399574713,visa-electron,4026028199315230
16,39997,254.211.134.160,,1301197763,visa-electron,4913917201373570
17,83112,157.98.15.242,,1370518458,jcb,3585119579247340
18,33176,188.162.225.56,,1480371923,mastercard,5100144502178290
19,74724,117.122.35.11,,1391606532,maestro,6045446720942430
20,33297,128.87.250.77,,1400257497,jcb,3537255051734990
21,58172,131.125.106.187,,1314010519,diners-club-enroute,201621781979265
22,56302,156.111.42.154,,1406035504,switch,6331103012521390
23,59501,207.35.247.197,,1386711697,visa-electron,4844738409258220
24,19491,81.181.144.83,,1410120381,jcb,3581510164170550
25,67447,163.117.115.149,,1382421058,china-unionpay,5602254411610040000
26,38304,0.117.45.25,,1360300099,diners-club-carte-blanche,30475098452798
27,11289,212.181.59.42,,1336132312,china-unionpay,560224019020122000
28,66772,82.179.156.26,,1355411978,jcb,3580592627409590
29,67487,146.247.111.202,,1445565397,jcb,3552120078836210
30,27036,83.71.21.172,,1454435945,china-unionpay,56022129068255100
31,6001,114.76.209.43,,1451810123,jcb,3534046635414390
32,33193,240.151.134.126,,1410978922,jcb,3541779547819570
33,12066,19.22.84.199,,1425646757,mastercard,5100146124406780
34,82194,109.54.189.161,,1346845066,solo,6767664540474740
35,24860,52.173.49.46,,1405211071,jcb,3579572576434160
36,71149,89.217.9.145,,1374681158,jcb,3528179027944650
37,75418,170.131.10.162,,1318122674,jcb,3574176955849840
38,26062,255.250.207.72,,1436527286,jcb,3533240678402660
39,81499,62.220.46.5,,1373133969,diners-club-carte-blanche,30583609588016
40,7861,90.96.109.225,,1382022751,americanexpress,374622658584015
41,63918,218.179.253.120,,1309762213,mastercard,5463990018170470
42,60081,63.53.128.49,,1340804773,china-unionpay,561049812996555000
43,9354,25.96.13.166,,1459809399,jcb,3570126138708460
44,63030,248.72.70.191,,1329020303,instapayment,6375843085859090
45,65809,24.237.81.211,,1342991499,maestro,6759259877721000
46,18570,26.174.214.138,,1365121273,jcb,3546044712716300
47,79148,201.16.69.82,,1480426878,china-unionpay,56022565947020300
48,27802,88.14.244.166,,1465893888,jcb,3532596930693130
49,6139,70.241.28.93,,1347583512,mastercard,5142143578506350
50,61055,224.49.34.108,,1368217070,jcb,3579692770014580
51,20518,90.247.86.131,,1315034822,jcb,3577213524774190
52,81637,180.47.215.140,,1316038440,jcb,3551995862640270
53,53288,82.134.18.52,,1376655312,jcb,3583108303298090
54,41032,242.33.107.208,,1364165963,jcb,3571911528851340
55,30869,11.14.246.56,,1383479313,diners-club-carte-blanche,30290136977270
56,70802,227.93.70.156,,1476240887,jcb,3574110876731390
57,42716,143.33.149.19,,1482824419,jcb,3555471063002480
58,48352,52.55.240.235,,1462715780,americanexpress,374283648416501
59,61649,231.87.5.115,,1464829250,jcb,3587741010686340
60,51051,160.157.160.218,,1329566151,jcb,3586653279674190
61,26394,206.136.124.84,,1304963349,jcb,3551750294345060
62,11993,71.24.83.45,,1310370028,mastercard,5010122885329960
63,83541,15.48.192.89,,1405246422,bankcard,5602220984449790
64,5863,13.60.2.104,,1338235669,diners-club-carte-blanche,30415550118867
65,33207,140.176.31.139,,1382623022,jcb,3570914153881980
66,82878,172.252.108.175,,1402444283,jcb,3547478888488200
67,36933,37.2.35.128,,1444215834,instapayment,6395171525101500
68,79466,50.18.1.70,,1488749164,jcb,3537894866721990
69,84012,233.74.183.151,,1396959409,jcb,3555589241560620
70,81827,3.122.56.172,,1309687468,jcb,3539750814909810
71,61902,145.127.24.113,,1376946676,solo,6767032948713490
72,57361,47.134.151.40,,1389182465,china-unionpay,56104583816816400
73,67743,151.177.102.15,,1376111831,maestro,6761629746188320
74,7499,203.20.176.133,,1479460268,china-unionpay,560224026287319000
75,15936,32.29.12.229,,1478545810,switch,6331102170826980000
76,34057,21.157.2.143,,1323411695,mastercard,5284230956979010
77,41388,229.169.152.199,,1386515207,jcb,3553038412510520
78,16514,178.157.226.144,,1373944852,americanexpress,374622373778405
79,78628,24.221.2.143,,1373086268,jcb,3553121783617580
80,23588,62.71.193.33,,1389932028,jcb,3536242800409700
81,10467,12.109.95.48,,1480590818,diners-club-enroute,201504239528183
82,49430,175.178.210.28,,1366520865,jcb,3576930333978300
83,57109,65.87.0.137,,1491795506,diners-club-enroute,201943570075547
84,15719,138.231.237.243,,1356694679,jcb,3574209813997480
85,80169,197.5.130.226,,1362597741,jcb,3562301056741530
86,63931,206.31.124.246,,1360047431,visa-electron,4844407057000430
87,78430,216.223.85.184,,1450703127,maestro,6759743623551090
88,32210,118.11.81.154,,1370439080,jcb,3582377229248640
89,26077,121.211.83.75,,1424060540,jcb,3550974001447320
90,49216,28.38.26.111,,1453828765,maestro,5893007976377280000
91,51271,103.75.187.219,,1471490084,maestro,6304086708226720
92,40532,43.243.236.160,,1402555955,jcb,3555510679646060
93,41920,187.174.182.250,,1355080349,diners-club-international,36649764719540
94,6368,78.116.132.1,,1336185636,bankcard,5602218392074100
95,71235,31.124.0.19,,1314627749,mastercard,5048378212600460
96,29388,14.25.230.167,,1449992112,jcb,3539699088551020
97,20358,216.233.36.233,,1403460486,bankcard,5610778407453030
98,5598,101.78.248.149,,1325454002,maestro,60426749097259300
99,82569,162.170.139.86,,1406482739,jcb,3548587619617150
100,63831,7.160.186.222,,1471781341,maestro,50380256201465200
101,89244,219.173.101.138,,1309557325,maestro,5893926964586650000
102,17871,64.115.99.179,,1306115714,americanexpress,374288131314089
103,20217,159.155.188.32,,1453468683,visa-electron,4917753892768630
104,69619,248.99.162.163,,1449482597,mastercard,5364559440274960
105,89449,163.163.12.60,,1332258597,diners-club-carte-blanche,30587175689165
106,59749,197.203.169.108,,1402114875,laser,67065213782470900
107,85020,95.163.140.132,,1388310016,diners-club-carte-blanche,30312246439833
108,87327,201.162.79.82,,1361698129,visa-electron,4175009412107550
109,73769,237.228.135.136,,1401624498,mastercard,5048373875693320
110,22928,44.21.137.196,,1477687389,jcb,3535944576753180
111,18514,197.144.174.188,,1424015934,jcb,3558210230053280
112,32252,140.47.192.18,,1397278261,mastercard,5208935882231200
113,29323,80.68.41.133,,1401008351,visa,4017956743066
114,35563,44.206.54.244,,1359647080,mastercard,5100179541635820
115,74558,101.128.153.40,,1376826021,bankcard,5602248241798580
116,14559,49.96.120.120,,1490179694,jcb,3580183928650640
117,33708,145.75.3.89,,1476448412,jcb,3558231422578540
118,63899,198.27.84.16,,1488811233,jcb,3537145698709290
119,60211,4.6.96.177,,1366604646,jcb,3582522605538690
120,26011,222.179.77.168,,1428989178,diners-club-carte-blanche,30412322175283
121,33310,96.148.79.252,,1309484879,diners-club-enroute,201622532455183
122,34895,124.123.218.136,,1358836087,jcb,3553107521847340
123,83821,109.112.235.130,,1456875138,mastercard,5010126403720010
124,49385,131.130.115.245,,1436723419,solo,6334536860757180
125,7805,114.169.18.3,,1357010987,jcb,3569173673056710
126,8061,67.185.95.27,,1488062547,jcb,3570067340727500
127,20654,215.15.23.126,,1361731177,maestro,6304348149492470000
128,36099,82.210.46.9,,1401388859,americanexpress,347958716578134
129,62223,40.222.89.63,,1462241693,instapayment,6391835328571100
130,29532,229.246.198.5,,1406733753,maestro,6763323098602350000
131,74128,251.121.172.158,,1433991107,diners-club-carte-blanche,30289027761298
132,86025,215.109.254.52,,1369046759,jcb,3530352255197350
133,14253,93.148.61.33,,1326859353,jcb,3569611139573900
134,86368,6.114.187.246,,1331720573,jcb,3561115358545700
135,34060,45.189.156.125,,1441676211,visa-electron,4026210705791440
136,20852,238.172.33.232,,1388114254,jcb,3533897909213550
137,34417,10.156.136.237,,1363692247,instapayment,6377251606262800
138,54089,134.186.21.213,,1363543666,maestro,6762890728682050000
139,50419,25.60.176.86,,1461471955,solo,6767181816710250
140,19013,254.222.192.86,,1308945601,jcb,3589249001202440
141,15722,232.144.102.227,,1483516233,diners-club-us-ca,5555912128052870
142,70332,62.44.83.144,,1457634407,diners-club-enroute,201968410043603
143,76832,91.84.140.49,,1463234368,jcb,3534161030421540
144,40518,63.35.131.223,,1453283469,china-unionpay,5602252022688610000
145,59829,41.94.218.32,,1440559680,jcb,3578675624440310
146,41094,202.161.200.157,,1374224472,jcb,3556503606845590
147,65082,167.133.216.189,,1420724989,maestro,6049574889895680
148,80443,237.16.165.84,,1461634295,jcb,3569702309686290
149,12728,52.128.240.83,,1378609924,jcb,3559682219137470
150,29933,5.114.130.184,,1319749718,jcb,3557653012156380
151,26734,203.200.237.113,,1468886904,china-unionpay,5602217307544680
152,17681,2.220.109.87,,1411352159,china-unionpay,5602216161948670000
153,57763,227.83.223.97,,1475369882,jcb,3550274339985180
154,33464,4.161.97.178,,1319579604,jcb,3545523638315630
155,84512,10.110.27.211,,1430873800,diners-club-carte-blanche,30414427325359
156,14567,105.13.200.11,,1310904479,bankcard,5602252303457850
157,47647,241.53.207.81,,1406154918,jcb,3589974822796840
158,10868,204.174.7.158,,1427008598,jcb,3552090358144340
159,76564,81.147.22.203,,1414177486,china-unionpay,56022156017849100
160,78935,192.24.100.15,,1424996774,jcb,3570932323823690
161,78645,193.168.172.128,,1299472838,mastercard,5002355638400320
162,82644,254.220.147.158,,1397006276,jcb,3562273757573290
163,88252,31.252.94.33,,1408162773,switch,491152037271701000
164,81302,82.255.60.19,,1354616631,mastercard,5260216149582000
165,23471,215.115.231.131,,1401738890,jcb,3575300833996940
166,43141,202.164.254.42,,1420776921,bankcard,5602212102405060
167,47138,114.20.41.166,,1423466017,maestro,6042382287933850
168,19880,206.61.86.50,,1397383518,visa,4017957978943
169,29846,148.25.55.210,,1383852162,bankcard,5602237079629940
170,6567,202.210.59.177,,1300348026,jcb,3546930559167010
171,79327,190.249.45.158,,1491502573,jcb,3551755761495830
172,14823,83.78.196.205,,1310776058,jcb,3584357528439460
173,70964,20.119.46.136,,1427474228,visa,4017958645202
174,29432,107.142.23.166,,1373321039,maestro,60443731459314300
175,48131,7.58.23.0,,1422751101,visa-electron,4175009269570130
176,78620,217.60.107.228,,1481527511,visa-electron,4508937399620180
177,30922,233.87.126.33,,1474596751,jcb,3577513231439340
178,40081,206.35.116.34,,1489668566,maestro,501801923464469000
179,84698,208.94.183.50,,1311761123,jcb,3550537840284330
180,86050,26.232.217.176,,1319971874,jcb,3544198560870460
181,77006,212.71.103.86,,1315795274,switch,6759055033108330
182,53893,57.203.130.207,,1367764455,jcb,3553466119245690
183,74998,93.228.133.8,,1465544254,bankcard,5602257192571880
184,68504,9.84.89.23,,1370926496,jcb,3580374581371840
185,33460,101.74.191.224,,1322156931,jcb,3558784512487810
186,64926,209.51.210.126,,1360601503,visa,4041372015974
187,60936,231.229.165.228,,1370594414,mastercard,5007663643624350
188,76635,203.212.6.86,,1482016127,bankcard,5602243410726330
189,52070,55.197.99.214,,1423316687,mastercard,5002359039952500
190,63184,54.168.238.6,,1491201099,mastercard,5499880171191580
191,9551,5.167.213.67,,1467126135,jcb,3529267272056750
192,14616,10.81.163.253,,1483030930,jcb,3532692264162150
193,54055,211.213.40.167,,1311763927,jcb,3568287482474630
194,10954,10.53.231.159,,1407304657,mastercard,5108759703921410
195,57838,116.156.203.90,,1331246658,americanexpress,374288523321437
196,67957,46.50.184.224,,1464605717,jcb,3570980235492330
197,45732,11.27.44.76,,1379286495,china-unionpay,560221431466299000
198,6458,115.99.45.21,,1304952231,mastercard,5466300036994980
199,59651,242.142.244.3,,1383549310,mastercard,5334585851074450
200,89937,43.160.223.77,,1491423113,jcb,3537633025619570
201,89629,118.45.215.177,,1480062485,jcb,3540775752699380
202,44731,72.28.77.144,,1321412264,maestro,6759288128997750000
203,14266,182.13.181.1,,1320920047,jcb,3558087569865340
204,24709,53.139.201.61,,1447149933,jcb,3568865802384850
205,6522,179.7.62.150,,1342657043,jcb,3532179705476030
206,11200,95.112.233.199,,1362834068,diners-club-carte-blanche,30333019021731
207,75791,213.161.137.95,,1455845493,jcb,3570391274177900
208,18967,159.157.49.133,,1417266027,diners-club-us-ca,5418049479691010
209,43279,134.114.56.93,,1327634394,jcb,3578737703276070
210,9406,224.40.246.62,,1299101867,instapayment,6391932128706500
211,46163,230.190.83.80,,1464611708,jcb,3534354952180150
212,84350,190.193.197.6,,1392791406,maestro,50189502412575300
213,27105,3.43.208.57,,1317560826,laser,6304106934488220
214,17421,127.54.27.51,,1310713452,jcb,3528993684859680
215,77666,144.109.31.106,,1361507934,bankcard,5602211077672840
216,68356,53.73.226.197,,1337355558,jcb,3579459157152350
217,68148,98.242.169.15,,1341176220,jcb,3569695463269260
218,85483,12.18.196.239,,1315142714,jcb,3539160184927870
219,21349,93.255.219.127,,1339632118,diners-club-carte-blanche,30327314294092
220,28634,177.3.21.120,,1357360364,jcb,3532621492590750
221,77703,235.206.197.192,,1372947601,solo,676776368102205000
222,54593,105.96.119.157,,1296362161,bankcard,5602255947224390
223,56410,240.92.154.221,,1427456595,jcb,3539077173324420
224,12694,62.10.69.229,,1413453345,maestro,604070108908115
225,59136,73.43.37.62,,1421719158,maestro,63043453640467000
226,16712,52.8.3.230,,1370897774,maestro,502075852341266000
227,17266,111.121.13.145,,1372393686,mastercard,5010129100380750
228,25337,212.120.105.196,,1349674681,jcb,3576335316972500
229,29698,1.86.34.51,,1340243428,jcb,3545444390192310
230,59404,204.128.206.76,,1380876007,diners-club-enroute,201447744683855
231,74331,119.15.214.78,,1344527233,americanexpress,374622282161222
232,63653,70.84.244.150,,1348586969,switch,6331108656662110
233,32656,245.247.208.215,,1477844834,diners-club-carte-blanche,30191719415979
234,36117,252.7.75.183,,1391037270,maestro,503883271196862000
235,67934,172.43.70.157,,1328655394,jcb,3585775400355290
236,41011,26.251.5.71,,1310718653,americanexpress,372301920275106
237,89313,49.46.54.7,,1428914272,jcb,3564273216570790
238,88934,173.76.59.136,,1481568406,mastercard,5100174261698720
239,82950,154.99.188.123,,1355562853,jcb,3571123365080100
240,8714,236.204.139.199,,1400176450,laser,67094182503253700
241,71054,187.8.246.244,,1434798955,jcb,3561164803214290
242,84462,0.83.214.115,,1478032648,switch,6331100943587110
243,69379,198.58.172.22,,1311939070,diners-club-carte-blanche,30087505255167
244,84087,26.100.106.149,,1300617250,jcb,3580278480620170
245,41268,86.75.133.2,,1343821575,jcb,3528505437158760
246,89053,32.120.109.36,,1405165733,jcb,3528810027742720
247,83900,91.246.222.119,,1462868574,switch,491175218181597000
248,34488,156.49.236.228,,1408669535,jcb,3567754546264240
249,19573,3.9.26.27,,1355670476,jcb,3552741225410340
250,83657,111.133.161.236,,1309850744,jcb,3568878603256710
251,79824,19.97.223.239,,1488163183,maestro,675979979851181000
252,57150,39.217.211.104,,1474023577,jcb,3536284246854680
253,79914,29.113.59.218,,1401442888,americanexpress,345244771254214
254,74613,121.4.159.173,,1341730235,jcb,3530158403634640
255,12823,181.95.233.68,,1341448561,jcb,3570782439093560
256,20420,8.208.40.67,,1459993818,jcb,3564586451820450
257,9842,242.218.93.242,,1307221203,jcb,3547216655041270
258,83631,168.144.131.60,,1352027707,switch,4905667612112170000
259,7183,4.217.123.55,,1343130320,jcb,3543464296556480
260,28637,249.26.135.208,,1444637545,jcb,3539688359664190
261,65009,66.214.198.82,,1297447437,mastercard,5108752548228740
262,19034,49.24.155.251,,1381236465,diners-club-carte-blanche,30575686692414
263,67521,52.65.80.38,,1356122139,mastercard,5595781613886070
264,28059,195.117.91.191,,1320336323,jcb,3528305984510640
265,16883,120.56.213.27,,1428535406,jcb,3549377208377860
266,29800,51.208.148.21,,1355994289,bankcard,5610499417976110
267,80072,125.20.89.79,,1390901567,maestro,604660003155990000
268,72313,213.19.55.244,,1364806891,jcb,3587354254735500
269,53465,155.193.100.46,,1308622449,americanexpress,374622454722348
270,73845,113.17.10.163,,1380141805,bankcard,5602218976871220
271,81319,92.123.120.158,,1473097972,diners-club-international,36461921828069
272,88436,172.140.59.20,,1479983686,switch,493617670251459000
273,44940,49.46.12.89,,1305925155,jcb,3582480990126990
274,66789,52.190.134.167,,1311434687,jcb,3532258289091610
275,56688,185.103.49.19,,1411961513,jcb,3537262773454810
276,12160,195.76.103.80,,1416564974,visa,4538775060740780
277,56556,237.85.8.224,,1490142315,americanexpress,349581825917775
278,80119,204.133.209.109,,1366011811,jcb,3568961558413020
279,86205,97.13.96.223,,1309058169,switch,633333482799619000
280,31654,108.78.25.221,,1329340975,bankcard,5602230616520940
281,59783,227.125.50.203,,1316999049,mastercard,5048370431251290
282,57924,97.62.182.180,,1429729798,jcb,3574035132604580
283,65495,111.244.71.76,,1449058651,visa,4041599496835750
284,20026,165.110.138.212,,1488140027,americanexpress,372301212088902
285,68144,49.131.223.160,,1304014101,jcb,3575996383833420
286,57198,98.5.155.165,,1307141771,instapayment,6378168518406260
287,11213,148.160.114.42,,1375113935,maestro,67615022429956900
288,33530,91.85.111.102,,1449843344,americanexpress,377133210207753
289,46265,130.138.43.56,,1441607797,mastercard,5100148733648450
290,54016,106.8.112.60,,1306237308,maestro,5893317911270310
291,33037,195.127.25.219,,1350483809,diners-club-enroute,201710412402332
292,83438,198.240.95.213,,1368183096,visa-electron,4405394903075010
293,49082,166.245.98.97,,1315879181,visa-electron,4026476354243930
294,42082,242.8.5.239,,1362812890,jcb,3539217034549720
295,76896,40.62.185.110,,1487635491,americanexpress,378354855109604
296,44425,223.153.169.126,,1398932683,diners-club-carte-blanche,30540106155152
297,35130,162.248.35.185,,1454369599,visa-electron,4026168136603270
298,86971,95.106.231.32,,1356203237,visa-electron,4026712690048340
299,48936,176.151.113.137,,1358556891,jcb,3579574228675160
300,38399,162.65.59.214,,1326500099,jcb,3549066470643570
301,53060,30.1.88.24,,1304758485,jcb,3532376214112200
302,57811,21.88.80.165,,1431638949,mastercard,5100144622832210
303,76798,220.130.104.84,,1332358162,switch,5641824209307070000
304,63434,94.15.84.192,,1415190001,jcb,3550073309247520
305,37978,32.21.195.30,,1436481003,jcb,3530164859743550
306,27828,210.253.156.88,,1468369684,jcb,3583636763609810
307,71725,170.166.28.156,,1410508484,jcb,3545625139670610
308,68342,73.169.56.98,,1316440995,maestro,67623487423487900
309,38755,113.194.133.26,,1363453855,jcb,3534188214986110
310,35936,50.67.49.27,,1399035799,instapayment,6391284128680670
311,7192,150.178.49.64,,1384205409,americanexpress,374288461262064
312,72017,53.232.39.114,,1435154163,visa-electron,4917998489609840
313,19648,17.52.232.155,,1329572702,china-unionpay,56101277692118600
314,39506,38.51.85.9,,1365673867,americanexpress,374283914545363
315,38694,164.199.254.22,,1449554527,bankcard,5602227023309560
316,50216,200.101.74.26,,1463565239,laser,6709384337924610000
317,69462,37.184.93.202,,1451194752,diners-club-enroute,201626571953636
318,79681,208.240.203.99,,1351727111,maestro,5038276886056830000
319,85607,162.186.88.61,,1445578907,americanexpress,343907872765989
320,24297,130.81.92.25,,1373105338,jcb,3528515149829820
321,74798,224.102.27.188,,1348672247,maestro,503829882368271000
322,51787,145.59.171.13,,1320144676,jcb,3585591636473980
323,43605,158.100.219.220,,1473357255,jcb,3555634137254300
324,33930,167.106.229.210,,1454248412,jcb,3582640275803780
325,48843,72.221.92.255,,1413734018,jcb,3564499703773430
326,5538,223.95.171.51,,1426990420,jcb,3563030620169160
327,64237,165.167.41.134,,1443383830,americanexpress,374283093868610
328,71773,40.32.196.29,,1301256755,jcb,3581333568668850
329,44760,102.51.59.84,,1299140203,bankcard,5610814380538600
330,71415,79.156.241.220,,1420942002,jcb,3541690565655920
331,69430,43.62.17.114,,1358889699,jcb,3581851024780160
332,19072,61.34.75.216,,1299982952,mastercard,5007662895835940
333,53224,17.128.241.227,,1329047843,americanexpress,374283200195949
334,72178,98.1.170.182,,1299639624,jcb,3537453186230810
335,23599,63.18.79.252,,1456327969,mastercard,5100130417254160
336,42646,100.17.18.172,,1322750563,mastercard,5523465197242890
337,28112,216.165.107.50,,1484038309,diners-club-enroute,201663001850124
338,46832,103.76.209.135,,1297053284,maestro,502020316865500000
339,72078,150.48.101.70,,1428823615,jcb,3571780950440460
340,19664,70.79.167.114,,1373321544,jcb,3584344582553560
341,19335,14.145.137.56,,1368704530,jcb,3568679189684150
342,69005,239.241.53.228,,1414147184,mastercard,5007666082737210
343,19386,130.117.255.156,,1301956483,jcb,3561129630017710
344,20673,117.145.146.132,,1433675949,bankcard,5602220306025770
345,26818,86.88.13.8,,1470043061,bankcard,5602212873500420
346,50927,243.146.73.210,,1330581769,maestro,6763082881230960
347,46898,232.245.198.71,,1430554189,jcb,3574679790636070
348,16038,142.106.26.232,,1433763753,maestro,675952853038355000
349,43454,122.57.23.36,,1424672235,visa-electron,4508967096399270
350,79518,206.141.45.153,,1355360558,mastercard,5100143968274570
351,89649,212.253.225.241,,1323947480,laser,6771917219839730000
352,76211,57.227.212.143,,1365141625,diners-club-carte-blanche,30563529636301
353,38361,53.94.220.221,,1415766232,jcb,3585592566938450
354,9878,249.4.52.39,,1348714460,switch,6759301803491220000
355,61450,240.19.246.41,,1404926380,diners-club-enroute,201627189931980
356,23173,215.118.196.51,,1300486030,jcb,3556852881895070
357,54639,53.251.243.44,,1425849078,jcb,3554471003701350
358,18975,67.186.127.30,,1355636534,switch,6759113757154090000
359,10402,228.46.224.52,,1302194217,americanexpress,374622733998651
360,28913,189.115.204.244,,1444461859,jcb,3575191971202680
361,37251,53.97.182.168,,1457655903,jcb,3538402468659500
362,27280,94.6.156.168,,1410662293,china-unionpay,5602251539563960
363,35003,15.119.179.118,,1399109679,jcb,3580302784531020
364,47913,59.93.143.43,,1388748134,jcb,3548977436298020
365,67800,108.33.235.122,,1471442502,maestro,67636067645050400
366,70161,153.138.140.182,,1489743672,mastercard,5140008683636310
367,61228,50.153.40.35,,1377814369,jcb,3563267220707360
368,36853,103.70.154.94,,1343046905,jcb,3554063352865910
369,88962,171.86.31.77,,1345611822,maestro,675990646942708000
370,82299,193.8.98.245,,1465354970,diners-club-enroute,201818271680318
371,30128,11.215.191.175,,1318003762,jcb,3540545354231190
372,24194,58.144.41.48,,1397270914,jcb,3533460821699690
373,10334,243.250.175.20,,1402895476,jcb,3561243704715420
374,6383,158.96.66.238,,1330136595,visa-electron,4844272381155310
375,54700,169.107.205.65,,1459790298,switch,6333809648615640000
376,22950,149.227.232.63,,1464602038,jcb,3541532527004320
377,34628,37.26.3.216,,1324196577,americanexpress,374622120798045
378,24623,83.98.101.248,,1351687733,bankcard,5602225094772700
379,69949,52.206.164.3,,1456903776,jcb,3567527541652850
380,30103,131.203.169.173,,1444149391,jcb,3580109841749680
381,73951,67.217.186.230,,1430701870,mastercard,5351737053558320
382,84125,7.155.7.228,,1393049055,jcb,3584564211038050
383,43247,129.221.166.65,,1340137153,jcb,3565002292110340
384,63341,69.82.213.32,,1297397869,jcb,3573670378362950
385,26757,229.203.92.130,,1432158692,switch,5641829154728330
386,66182,61.198.249.68,,1454947697,jcb,3567638650237090
387,77483,211.19.140.6,,1492693847,jcb,3574509891147930
388,77650,25.99.199.198,,1306612476,americanexpress,374283619996945
389,64380,147.227.9.16,,1413292926,jcb,3531528360255840
390,70366,114.166.202.179,,1347574148,diners-club-carte-blanche,30177575478987
391,36841,178.67.152.45,,1378913260,visa-electron,4175004223432020
392,14670,122.196.139.34,,1412063944,jcb,3530632183178280
393,60737,84.98.146.3,,1378708502,visa-electron,4913835324035590
394,83227,23.101.64.221,,1307045859,maestro,502060071170146000
395,9328,75.24.57.221,,1333497770,diners-club-carte-blanche,30560889755176
396,55466,65.252.249.46,,1484883294,diners-club-carte-blanche,30110976386749
397,57883,82.76.118.233,,1431309746,visa-electron,4508070983367860
398,29785,97.23.128.238,,1366468449,jcb,3584055391054900
399,12286,17.44.153.10,,1493851968,mastercard,5100147974411230
400,52978,47.206.177.230,,1464739190,diners-club-us-ca,5445362538560090
401,39207,199.152.209.20,,1462862907,maestro,604914667489833000
402,21987,63.185.91.217,,1324079120,visa,4041373258841220
403,68376,245.208.91.109,,1320386572,americanexpress,345527440437396
404,51711,251.30.214.86,,1456573399,jcb,3568546429697820
405,58229,85.211.195.129,,1386890318,jcb,3570703128125740
406,53085,100.203.28.134,,1369778688,jcb,3553700709888060
407,68679,110.95.152.87,,1367822068,jcb,3583706346956210
408,21514,100.61.11.101,,1387890725,jcb,3588532970764330
409,55875,27.184.26.246,,1363363280,jcb,3552487837422860
410,26861,90.188.38.77,,1423178812,jcb,3558492419635240
411,28728,172.248.147.87,,1438006892,diners-club-carte-blanche,30233882935795
412,63382,244.15.64.9,,1311162729,jcb,3567889479082850
413,63192,65.148.197.19,,1315114472,mastercard,5007660421483050
414,87647,7.1.61.212,,1378594563,switch,6759950262182120000
415,65497,22.6.142.11,,1302875307,diners-club-carte-blanche,30347479343989
416,37343,104.93.162.164,,1348241708,jcb,3573530202997500
417,55649,181.54.153.99,,1456302933,diners-club-enroute,201743806572550
418,41756,114.163.27.98,,1391805376,jcb,3549783665926270
419,54366,42.123.151.21,,1319321256,americanexpress,374283140831355
420,74562,65.222.247.24,,1384811970,diners-club-us-ca,5422651497640330
421,24208,214.26.224.168,,1371441336,mastercard,5108759638759790
422,31459,145.179.241.109,,1386999258,jcb,3552273652745740
423,12894,168.145.49.97,,1493175495,mastercard,5007666461001600
424,84885,38.170.234.44,,1298944734,china-unionpay,560222406367885000
425,83869,194.118.29.243,,1476368648,diners-club-enroute,201700690685518
426,88996,179.230.139.85,,1481127230,diners-club-enroute,201609854866162
427,50046,184.246.165.206,,1391623009,jcb,3530319344400200
428,84180,35.237.113.132,,1472142324,jcb,3575076476087390
429,36958,137.180.105.116,,1318953321,china-unionpay,560225268240240000
430,34768,232.29.237.130,,1360133282,laser,6304719804223960
431,59646,245.81.142.168,,1309436371,jcb,3550079934928460
432,16301,123.192.59.242,,1416517424,jcb,3532715794611170
433,78150,121.12.78.50,,1312892707,jcb,3547453747171910
434,85072,209.122.93.186,,1296342233,jcb,3576643517137990
435,86683,158.171.12.226,,1411607447,switch,564182482058750000
436,28398,74.27.154.20,,1466081039,diners-club-enroute,201717150650345
437,51460,122.90.205.211,,1482965186,jcb,3542939471704660
438,29716,35.154.66.128,,1439447516,diners-club-enroute,201850814830134
439,30938,87.208.220.38,,1428996125,jcb,3542102918056630
440,66480,231.208.60.97,,1457478107,diners-club-carte-blanche,30491904047888
441,72582,214.192.243.66,,1381979317,jcb,3563702593873770
442,63218,179.31.187.132,,1452175844,jcb,3535002034166340
443,79719,153.168.2.217,,1476448516,laser,670633009653199000
444,15805,201.132.154.234,,1465880335,maestro,5038376435226990000
445,84896,239.81.234.214,,1330599980,maestro,5038441561727920
446,56790,35.229.78.79,,1428254182,jcb,3568066267520970
447,67141,171.244.229.37,,1434259467,visa-electron,4913616697048080
448,77993,13.142.151.162,,1478431592,mastercard,5100173624710400
449,42795,186.239.171.29,,1452323013,mastercard,5108750733420060
450,15351,46.198.191.168,,1331121748,laser,6706910021433270000
451,83365,66.174.109.193,,1490135413,jcb,3576094207907280
452,25743,254.227.91.207,,1461348654,china-unionpay,5602239469837070
453,34823,172.230.45.206,,1459884812,jcb,3529953353700740
454,81189,22.235.205.111,,1435791198,mastercard,5010126181640810
455,68601,109.246.226.132,,1315240963,mastercard,5191648331289460
456,8807,103.239.76.17,,1414140299,jcb,3564003108600950
457,37386,183.63.194.18,,1488459723,maestro,676194895550215000
458,34035,101.222.87.170,,1313618359,jcb,3556336450426120
459,86634,252.189.19.238,,1411532488,maestro,676114122194902000
460,14863,17.104.200.75,,1422694025,visa,4041377900634
461,9395,147.101.161.13,,1392469155,jcb,3578993899189530
462,64664,68.127.255.11,,1425594223,jcb,3574447217571990
463,76006,212.19.192.179,,1406863848,jcb,3578485720500700
464,44861,62.72.211.159,,1399626590,jcb,3532718524028890
465,77208,89.42.146.154,,1325859217,jcb,3586217755721560
466,23322,221.147.252.105,,1329836960,jcb,3549464921496850
467,27449,81.138.197.229,,1454339587,jcb,3561950782485250
468,13487,166.84.101.155,,1391704622,maestro,67636046698100500
469,19045,174.123.106.70,,1324398106,maestro,6761528961047750
470,11855,198.80.185.15,,1406762653,maestro,6762583950656170000
471,46708,95.116.171.207,,1476232127,switch,4905725428092100000
472,52981,77.235.155.45,,1393295706,laser,677145368133396000
473,35963,213.199.139.125,,1467257278,visa-electron,4026270417678760
474,67809,208.181.15.9,,1474793595,instapayment,6371154875492650
475,50982,236.213.245.50,,1345530162,bankcard,5602228362698320
476,10572,164.244.41.102,,1492465793,jcb,3575994827507080
477,60026,61.225.129.223,,1440612626,switch,490374169280506000
478,12383,255.103.180.149,,1370052352,maestro,50383000795747300
479,59270,47.62.204.73,,1305037783,bankcard,5602224799826660
480,34801,29.245.97.81,,1396315119,diners-club-enroute,201498601620712
481,10268,72.207.185.192,,1407792694,solo,6767936509204010
482,72924,118.146.233.221,,1447964027,bankcard,5610825976287560
483,7084,130.249.206.134,,1304935898,jcb,3535771313811260
484,54045,17.172.66.164,,1380642988,jcb,3548612978134590
485,14604,18.133.161.195,,1321582353,diners-club-international,36346068456917
486,42610,28.187.142.24,,1334887383,visa-electron,4844043900263050
487,22556,234.198.108.211,,1374875308,diners-club-international,36104739493680
488,52474,56.151.22.148,,1316631896,jcb,3586660500254610
489,13746,16.27.200.200,,1388134559,jcb,3571672669792240
490,89182,229.224.87.86,,1376685559,diners-club-enroute,201495543720816
491,76862,198.236.53.57,,1341823491,instapayment,6375311226353680
492,68957,190.96.47.233,,1335008073,laser,670616104224702000
493,78587,51.88.82.50,,1392037251,diners-club-carte-blanche,30317544476809
494,42201,250.151.209.213,,1297030052,jcb,3534588327373630
495,47592,9.136.178.101,,1483812947,laser,67713554891520300
496,84759,177.222.129.124,,1462362720,jcb,3531005872787120
497,33298,125.197.10.153,,1434491108,jcb,3549463007246790
498,76977,189.78.162.205,,1477070792,switch,633332117692703000
499,88875,146.140.226.120,,1361734205,china-unionpay,560224518275506000
500,86959,75.63.30.88,,1491417190,jcb,3554468975483260
501,47249,180.123.195.169,,1489045347,jcb,3541174514694260
502,89451,16.246.93.171,,1494148191,china-unionpay,5602228417515340
503,54317,101.112.222.25,,1490385737,diners-club-enroute,201529957184414
504,81156,72.237.143.139,,1365602620,visa,4017950922740
505,63848,100.51.32.112,,1411579050,jcb,3579175518807560
506,68432,186.172.60.98,,1334265562,americanexpress,374283351514468
507,6709,11.176.120.184,,1482531046,jcb,3579836086665330
508,30918,131.118.0.73,,1480648992,diners-club-carte-blanche,30531897361547
509,10629,157.119.44.146,,1365266856,americanexpress,374622717456817
510,76849,70.223.92.133,,1410205022,jcb,3571558230428140
511,42520,119.171.163.115,,1309180254,jcb,3536481222973890
512,10123,51.178.234.148,,1422349293,visa-electron,4913858870396120
513,59320,203.52.225.64,,1353837630,laser,67713304288565600
514,12661,163.190.204.86,,1380842786,diners-club-enroute,201603375935309
515,19396,164.17.231.209,,1341245000,jcb,3551295920219050
516,11660,136.118.221.204,,1407559796,diners-club-carte-blanche,30443401085119
517,6972,224.28.42.196,,1394588306,diners-club-enroute,201888398902440
518,57533,72.154.54.11,,1483852082,jcb,3558750070868050
519,40823,138.255.30.189,,1425427543,laser,6304304906954830000
520,38881,61.42.205.30,,1319942870,mastercard,5241022176398220
521,67867,177.251.183.198,,1450407377,switch,4911695825742210
522,28756,217.201.9.72,,1396926655,jcb,3529420118073370
523,59803,232.235.242.191,,1383399982,jcb,3560335051398100
524,43889,124.112.214.102,,1489213985,diners-club-enroute,201875264656093
525,33206,98.21.217.58,,1366789200,jcb,3545839375250070
526,52957,243.227.12.241,,1304923847,china-unionpay,5602214787928560000
527,60908,32.187.48.69,,1366399382,jcb,3538694899633060
528,74692,217.211.201.111,,1430113113,jcb,3582568513741590
529,10532,84.24.233.203,,1484631633,china-unionpay,56109389714645800
530,62863,114.0.70.229,,1480541237,china-unionpay,5602251107145200000
531,73256,72.214.246.64,,1329610283,jcb,3583535521482400
532,50448,72.110.66.223,,1374840947,jcb,3581064942287650
533,35300,71.147.225.170,,1400895899,jcb,3541080125406210
534,82766,209.219.103.117,,1331630439,diners-club-us-ca,5416382226153410
535,7220,172.169.144.1,,1445551827,laser,6706677868072100000
536,37535,218.110.179.224,,1334206330,americanexpress,378386853466164
537,62047,239.210.137.222,,1416467768,instapayment,6397029032509540
538,39641,210.60.50.65,,1317818943,maestro,58930917506437800
539,79115,195.230.169.3,,1324767276,jcb,3547465503636960
540,27899,62.7.248.89,,1403543028,jcb,3529755309966810
541,87316,130.12.112.48,,1350507658,mastercard,5274958946025550
542,50808,187.31.25.251,,1439257245,jcb,3587680728066980
543,10012,213.27.27.75,,1360379350,bankcard,5602226222090020
544,71187,143.31.100.8,,1303496077,jcb,3580670020180170
545,44303,134.70.168.195,,1421947078,visa-electron,4508673832538140
546,47803,31.169.57.156,,1372420862,diners-club-enroute,201870524454983
547,88958,98.9.70.214,,1344428685,instapayment,6381891436608350
548,65345,249.10.174.243,,1379397628,jcb,3567626170703850
549,6833,39.37.123.130,,1438368023,mastercard,5546789797301270
550,71739,4.62.83.225,,1376299642,diners-club-carte-blanche,30440872934627
551,56097,9.109.116.35,,1465749383,jcb,3569135534257150
552,39523,220.233.188.61,,1418611086,jcb,3589275368610190
553,56890,203.171.13.217,,1340151222,jcb,3583596869459380
554,25235,178.116.104.11,,1435151593,jcb,3529677390219560
555,44145,211.151.38.177,,1376039105,switch,633325904622903000
556,73396,89.112.36.159,,1371177663,americanexpress,373261756559669
557,7882,42.89.39.113,,1439107698,jcb,3529795658400010
558,42085,155.205.19.252,,1480079384,jcb,3563740072594510
559,26968,192.41.48.59,,1301983875,jcb,3532848737141680
560,20632,19.40.157.46,,1366239483,jcb,3589460956739670
561,31018,109.112.230.26,,1365838070,mastercard,5007667303399780
562,87759,196.220.32.93,,1337469560,diners-club-carte-blanche,30112590074305
563,24964,127.112.151.239,,1456273395,jcb,3588692419823480
564,14379,189.215.41.152,,1359266884,jcb,3558771574725270
565,18491,111.59.149.8,,1492615500,bankcard,5610998199494970
566,70501,187.199.112.44,,1340476796,jcb,3537664205716860
567,49557,164.49.171.71,,1390594878,maestro,676208957428932000
568,67604,98.42.213.152,,1456165595,switch,4936072195834900000
569,69684,177.9.184.85,,1300023570,mastercard,5100144017614020
570,46578,208.34.70.46,,1412386076,americanexpress,374283415249986
571,6626,240.18.236.171,,1460946415,jcb,3538366854087960
572,8454,189.247.99.87,,1438901310,jcb,3548053095362220
573,78870,30.73.118.83,,1468321420,diners-club-enroute,201683785472499
574,34505,245.150.34.36,,1455997656,bankcard,5602232918589430
575,55988,253.110.11.170,,1380828012,jcb,3531375042838990
576,79322,68.234.132.37,,1482410616,visa-electron,4175008599259030
577,46750,169.156.57.234,,1412178795,jcb,3557433572719220
578,58747,1.192.33.179,,1429589003,bankcard,5602241855331730
579,82673,55.198.75.50,,1392927296,visa-electron,4917648962656150
580,38562,20.154.76.81,,1427928555,americanexpress,374283353071285
581,31030,146.191.57.134,,1378178467,instapayment,6371970878284140
582,62376,238.55.123.252,,1435808000,mastercard,5007665622577880
583,10398,187.168.186.142,,1332575948,jcb,3562029849928990
584,38334,81.104.200.93,,1313795742,jcb,3541557502432210
585,37942,89.190.2.228,,1430353251,americanexpress,374622774674880
586,25038,114.36.95.88,,1422176337,jcb,3589760948757910
587,65827,153.170.166.13,,1380843724,maestro,5038188956999510
588,49437,34.95.156.80,,1452241997,jcb,3544428126452970
589,50686,88.202.112.140,,1373481176,mastercard,5002351507863040
590,85924,195.205.27.154,,1316250665,diners-club-carte-blanche,30523371685939
591,9518,24.184.21.192,,1349985022,china-unionpay,5610144897639730
592,31387,190.241.44.44,,1388143381,mastercard,5048371789181480
593,88813,114.188.167.146,,1414018226,diners-club-carte-blanche,30279724101831
594,44140,212.135.218.95,,1474577232,diners-club-carte-blanche,30124260373123
595,45991,66.32.242.100,,1361304012,jcb,3538372015259700
596,31896,231.48.242.43,,1417811154,jcb,3577896284338200
597,73072,216.134.94.163,,1492203426,china-unionpay,5602218232572440
598,51790,229.248.61.47,,1340803190,mastercard,5108750359053090
599,75632,41.248.175.184,,1295179846,visa-electron,4405630125356350
600,14902,179.167.101.20,,1337918731,jcb,3541856015184180
601,39942,179.151.145.93,,1488997421,switch,4936681738926570
602,10568,125.4.60.206,,1311582808,diners-club-enroute,201443850846865
603,10403,227.166.220.197,,1306771888,jcb,3552936729459200
604,23418,88.246.147.224,,1350199984,jcb,3573313608190070
605,65762,38.125.190.132,,1466795630,laser,6709880460190890000
606,20487,215.111.23.181,,1402860789,jcb,3570952626296490
607,37370,118.92.242.175,,1311634966,diners-club-carte-blanche,30138432146969
608,72284,156.87.145.207,,1411043854,jcb,3528460404990010
609,83014,24.137.235.83,,1352544126,maestro,6049792742321850
610,80810,120.152.46.170,,1458217565,jcb,3562455403015100
611,55792,88.7.71.12,,1348727643,jcb,3552716290823970
612,77804,161.247.67.119,,1330509614,maestro,6304928067075580
613,8770,101.146.121.255,,1424342933,maestro,67629779338062400
614,46500,138.78.136.217,,1416060516,jcb,3558483585759350
615,35166,108.21.237.145,,1396559342,jcb,3535168445850040
616,87906,207.182.127.150,,1399144369,visa-electron,4917747609123040
617,51794,203.219.121.109,,1308502303,jcb,3542605427804140
618,41744,44.148.109.77,,1350171775,visa-electron,4844496424559090
619,42140,196.112.23.133,,1298978604,mastercard,5010127992386420
620,6188,249.12.177.30,,1434385741,switch,4903972745822960000
621,34254,146.107.212.25,,1330206554,maestro,6763287915832000000
622,79978,56.125.226.151,,1491427727,mastercard,5100135360665500
623,36149,194.79.19.182,,1323095634,bankcard,5610685285268760
624,38159,126.253.141.243,,1388584208,jcb,3555214036490740
625,33867,20.182.180.112,,1412966696,diners-club-enroute,201433358486728
626,9797,44.81.60.116,,1473398486,switch,633325736519759000
627,39277,108.98.98.67,,1394606465,maestro,5018033726394580
628,26370,107.78.206.168,,1483026133,jcb,3581131049713810
629,67706,195.121.147.215,,1365682435,jcb,3542045875176140
630,77890,3.1.236.75,,1348650117,visa,4041591627252
631,52082,103.187.20.55,,1322441460,switch,4936976769688080000
632,29792,224.196.8.79,,1446109434,maestro,502041247678114000
633,77929,150.28.168.138,,1322334889,maestro,501858384952540000
634,73442,240.85.137.181,,1307208074,diners-club-carte-blanche,30566834138160
635,19762,56.135.105.5,,1320807898,switch,4903816445399580
636,69203,213.116.212.81,,1353145499,switch,6331103359463680
637,42696,103.50.89.139,,1322903556,jcb,3583715336283130
638,72016,178.204.72.95,,1455664571,jcb,3570530691790210
639,15966,249.100.20.11,,1378848268,visa-electron,4175008101900230
640,49825,198.102.89.57,,1419467445,bankcard,5602221824054530
641,32626,82.86.244.214,,1374244824,jcb,3548605874114180
642,6820,245.144.95.80,,1469511015,jcb,3566278735799230
643,47021,138.43.162.30,,1379575841,jcb,3568449404820010
644,82901,255.10.119.63,,1304475509,mastercard,5100139853321800
645,74441,214.144.35.104,,1491135042,china-unionpay,560222732897624000
646,85648,93.244.136.186,,1473562542,jcb,3585566511555780
647,71157,68.6.207.150,,1372950767,jcb,3566527651786010
648,21759,121.21.230.249,,1341915049,mastercard,5410955305310250
649,75653,238.13.46.132,,1479647002,jcb,3580188826662580
650,62817,164.156.227.206,,1385979719,switch,4936490886221960000
651,25062,101.9.167.30,,1430298886,jcb,3562551136769180
652,64494,165.154.111.221,,1472330219,solo,6767716999293340
653,28025,10.46.21.154,,1470331436,jcb,3544689056922520
654,23728,41.151.8.77,,1425071211,jcb,3580237056094900
655,40536,200.47.255.164,,1363077234,jcb,3530896631458780
656,61094,217.57.209.139,,1364249571,switch,5641821351793040000
657,20247,69.191.84.91,,1359256668,jcb,3548974990679740
658,65305,95.163.204.180,,1472876562,diners-club-carte-blanche,30529721585224
659,21126,56.84.129.102,,1410413390,jcb,3584806641996800
660,18230,181.23.181.68,,1354673762,maestro,5018283668697130
661,66664,3.176.37.72,,1480382938,jcb,3531897138191490
662,72284,241.25.198.99,,1432732579,visa-electron,4026966674971100
663,31789,246.74.39.224,,1467239392,jcb,3529102651542690
664,46608,18.228.60.69,,1367945651,switch,6759726293078000000
665,77930,5.212.105.223,,1458205840,jcb,3587860702551450
666,41153,233.32.250.114,,1300938639,china-unionpay,560224606696563000
667,20277,138.78.150.139,,1409799494,maestro,604470879499057000
668,34457,158.154.1.109,,1355868209,jcb,3561032619350960
669,20716,228.193.25.149,,1303191584,jcb,3573800069322720
670,50301,147.164.152.74,,1462774051,jcb,3553369537910600
671,30331,79.88.146.104,,1400338003,mastercard,5494586925825690
672,44873,202.239.128.48,,1365226795,jcb,3583919145797900
673,42297,191.255.68.98,,1346218216,mastercard,5394098115172090
674,33046,59.152.78.255,,1392546158,jcb,3561015510619110
675,89784,155.74.163.64,,1410441911,laser,63043469572998200
676,46326,112.86.140.133,,1434105737,diners-club-us-ca,5420009392140930
677,24288,14.148.20.139,,1330630185,jcb,3556426818174310
678,87847,233.18.244.113,,1441917960,jcb,3567092580180070
679,87526,82.114.22.166,,1311748272,jcb,3578491976258640
680,49932,144.7.128.151,,1454749857,diners-club-carte-blanche,30432242164845
681,85991,60.180.141.163,,1379226990,mastercard,5514152169373280
682,8353,115.148.239.59,,1348650603,jcb,3585448858805020
683,27109,69.17.12.213,,1464119131,americanexpress,374283545230070
684,79344,214.155.84.248,,1322628061,solo,6767591320468470
685,63439,251.149.22.69,,1305027876,visa-electron,4026153902676090
686,46382,201.117.176.61,,1392292911,switch,6759542721558020
687,71152,251.18.161.240,,1466156178,jcb,3534585355802650
688,5495,92.27.127.16,,1391146619,solo,6767494290154360000
689,87206,21.89.105.153,,1459968752,maestro,676304651904228000
690,76127,60.219.19.186,,1438165972,jcb,3568624857471280
691,67155,1.78.29.209,,1386635637,jcb,3557503758671830
692,22736,218.143.119.84,,1336115786,jcb,3579503331021070
693,76410,171.39.232.73,,1486107789,jcb,3533381972685740
694,12804,242.41.125.72,,1351673319,bankcard,5602222781355810
695,30967,50.177.233.192,,1406144304,diners-club-enroute,201589124435842
696,73691,72.23.5.5,,1397300571,switch,4905453537091760
697,38334,3.4.90.76,,1343957922,jcb,3542629775333040
698,59076,218.142.13.193,,1370193682,jcb,3532851331980540
699,23606,49.184.158.203,,1419768846,americanexpress,374288881347503
700,30005,198.200.239.91,,1367510491,maestro,58936191133316900
701,61525,31.31.16.113,,1428066642,bankcard,5602215410696130
702,12130,151.190.161.221,,1380014062,jcb,3558258687768320
703,32846,138.164.78.30,,1411197514,jcb,3580938009799720
704,12814,212.174.85.72,,1351031204,diners-club-carte-blanche,30386859208859
705,47166,21.79.93.178,,1490773310,jcb,3558476238716800
706,87955,223.192.3.24,,1322573038,china-unionpay,5610626177707660
707,13916,184.140.211.215,,1384305829,jcb,3565695950861120
708,50539,227.103.2.162,,1458865794,diners-club-us-ca,5558744765707620
709,64686,6.15.116.180,,1322884373,mastercard,5582804482914190
710,79003,181.241.168.35,,1312101415,jcb,3534090704796070
711,76439,221.84.200.64,,1361942431,jcb,3570285662468530
712,72116,86.203.207.143,,1468974494,laser,6771444500296270
713,49025,18.202.73.172,,1411257496,switch,490539828256783000
714,23925,217.248.136.88,,1400682518,bankcard,5602250263327250
715,53409,252.255.40.55,,1428353745,jcb,3547573797035610
716,29997,229.245.137.128,,1340957567,maestro,67594057415671300
717,9559,164.93.3.93,,1309617977,jcb,3568597146479770
718,77438,1.58.112.22,,1311040303,bankcard,5602253035030260
719,56127,226.235.129.84,,1371575916,switch,4903211569140860000
720,53848,252.138.208.142,,1403946713,visa,4017956626393750
721,23914,0.209.100.213,,1417351094,mastercard,5249991423106830
722,15461,105.43.100.89,,1468109391,jcb,3531879046583760
723,31438,59.248.127.119,,1475094336,diners-club-enroute,201575983311539
724,71619,164.37.18.159,,1326885762,switch,6759655705900730000
725,29906,78.63.73.80,,1373839125,mastercard,5550114836852850
726,48535,151.52.103.162,,1307778915,diners-club-enroute,201985151247938
727,46531,187.225.179.77,,1425664588,laser,6709406793699550
728,44650,95.182.15.151,,1319630622,jcb,3561124137092220
729,51230,204.62.4.211,,1342948493,visa-electron,4026724980428970
730,75728,59.207.130.36,,1459127962,jcb,3566270909342140
731,72154,100.26.29.240,,1361482734,jcb,3579970024197010
732,18746,121.46.77.40,,1330794715,bankcard,5602228183546160
733,61505,160.109.247.35,,1399427048,visa,4438431145117
734,19992,5.28.216.83,,1337871142,china-unionpay,5610905802230060
735,43707,52.1.50.187,,1429307901,diners-club-carte-blanche,30479813193257
736,21947,39.45.67.17,,1352342003,jcb,3562835239411400
737,86384,77.176.20.132,,1372186451,laser,6706649800264760000
738,57162,193.221.231.218,,1301945663,visa-electron,4026746900285220
739,80055,54.246.47.85,,1360645027,jcb,3557294126563580
740,79589,133.106.231.124,,1375576293,jcb,3554928011493070
741,11948,130.110.248.129,,1375333945,bankcard,5602259824414960
742,43666,231.59.52.178,,1383565911,diners-club-carte-blanche,30277920946181
743,59891,165.69.189.202,,1336391436,maestro,5020265773901730000
744,37607,181.85.125.250,,1478641533,visa-electron,4917577569481600
745,86010,40.172.232.218,,1407620173,jcb,3541459040759860
746,77334,44.75.0.3,,1430472020,maestro,675929618161648000
747,7763,37.57.160.242,,1366351539,bankcard,5602237658519970
748,17221,90.172.62.248,,1310801948,china-unionpay,5610852770436800000
749,87879,117.126.100.41,,1301081412,jcb,3580185050953490
750,31647,102.220.56.54,,1464425663,diners-club-enroute,201609541562802
751,43509,226.38.16.96,,1476039455,visa-electron,4175006104172230
752,10875,71.77.194.29,,1422112373,switch,491164594846499000
753,72747,103.211.4.136,,1465692614,visa,4017958421283770
754,35962,135.81.167.208,,1389193742,mastercard,5100176471427280
755,26813,50.247.224.42,,1348020629,maestro,6759113712667500
756,44735,128.86.42.172,,1348899574,instapayment,6371180948561730
757,20966,237.111.186.82,,1366308372,jcb,3570211341787530
758,42415,88.188.54.177,,1351458018,jcb,3545339114598560
759,64119,119.98.158.57,,1338357923,jcb,3568397455242330
760,74410,249.111.79.248,,1492263120,jcb,3564743838793410
761,71185,74.156.149.21,,1313396831,mastercard,5007665746821830
762,16106,183.240.105.77,,1487131154,diners-club-us-ca,5418612080820440
763,17220,92.26.62.247,,1356675117,maestro,5020516891253280000
764,32738,212.109.206.114,,1444434673,diners-club-us-ca,5582882994827130
765,84341,93.123.132.200,,1429818170,switch,490510636726113000
766,36593,56.195.7.187,,1426155457,bankcard,5602218744210650
767,33979,197.124.103.198,,1378106424,mastercard,5048371743288870
768,60944,194.229.27.41,,1442534602,maestro,589356548044565000
769,83755,216.219.68.128,,1418301940,bankcard,5602224801035840
770,60010,226.239.225.52,,1366042460,visa,4113459672373330
771,23436,53.183.232.250,,1409517565,jcb,3567207386417640
772,87199,170.65.211.99,,1378267253,mastercard,5002353968441040
773,65314,92.251.45.214,,1296180142,diners-club-enroute,201755362674877
774,27754,212.108.171.131,,1432763465,jcb,3559859495476450
775,41992,224.233.157.77,,1339203700,jcb,3539838611785030
776,74394,44.209.53.102,,1433138129,china-unionpay,560223127860768000
777,74599,52.72.200.178,,1426759901,jcb,3575718767693170
778,10355,220.100.148.1,,1296177047,maestro,6762467460109580000
779,31409,137.118.233.132,,1443157181,jcb,3554034704425910
780,41511,150.15.96.208,,1342266996,jcb,3537489824749860
781,45689,73.234.64.177,,1337780995,jcb,3588810665123350
782,29288,249.211.75.138,,1337469537,bankcard,5602250018474640
783,17291,144.3.65.143,,1494625126,diners-club-carte-blanche,30077934748205
784,67355,92.164.12.76,,1396597543,jcb,3580656095977670
785,63224,129.56.234.75,,1432412433,jcb,3568272996904030
786,70889,7.170.27.80,,1469831623,maestro,67637353154625200
787,23529,116.90.231.188,,1357102712,jcb,3578855784230940
788,19388,150.202.186.199,,1375671160,bankcard,5610829834921440
789,63329,154.17.107.106,,1353875811,maestro,60485798976588800
790,44301,135.235.72.225,,1440960289,maestro,604169660725402
791,62660,248.192.53.56,,1353982987,jcb,3552496459352460
792,88259,74.83.89.76,,1436674183,jcb,3542400498047140
793,41342,157.156.178.187,,1418492804,maestro,6763876803570640
794,56650,193.74.22.197,,1422233460,jcb,3574581321992840
795,64873,224.66.37.70,,1412942169,diners-club-carte-blanche,30292946324016
796,78330,0.204.101.57,,1351944519,jcb,3546206313652610
797,67254,94.221.29.251,,1451935151,instapayment,6397272372769130
798,61809,13.115.32.61,,1425716685,laser,630470749770780000
799,48641,155.163.12.206,,1351982468,diners-club-enroute,201917582143808
800,80369,233.202.174.216,,1322309031,jcb,3570973547875810
801,51767,12.97.138.40,,1484600221,americanexpress,374283646176008
802,38587,45.200.157.115,,1324163732,jcb,3543626154949810
803,34965,51.157.197.219,,1324541196,visa-electron,4175005339740870
804,56881,100.224.250.157,,1439076170,diners-club-enroute,201769667161498
805,24979,195.100.71.211,,1414607941,maestro,60499648889884700
806,33531,235.221.25.98,,1307557981,maestro,503862769296085000
807,88788,84.144.89.102,,1302202483,jcb,3546076067363390
808,74490,68.195.43.130,,1313488240,bankcard,5602224686664410
809,57661,156.185.125.164,,1387491132,jcb,3587570858696790
810,89233,236.209.140.27,,1461195343,jcb,3572196638454610
811,6755,32.236.221.15,,1418974651,jcb,3572210429219720
812,23884,4.94.132.185,,1462140322,diners-club-enroute,201531869947599
813,63650,8.102.175.117,,1488776386,diners-club-enroute,201992838376452
814,84467,168.9.138.230,,1349755851,diners-club-carte-blanche,30598347071398
815,71702,124.165.238.169,,1413955385,jcb,3559269834319690
816,25213,172.216.12.13,,1429541581,americanexpress,372301756456515
817,19414,128.188.1.110,,1417953080,jcb,3558502857618040
818,56747,1.40.197.245,,1456609228,visa-electron,4844132519628980
819,61532,34.73.0.19,,1422001244,diners-club-us-ca,5412376208889050
820,18496,103.102.170.121,,1414132855,mastercard,5100146675969670
821,45432,87.200.177.61,,1475270044,jcb,3557454281752490
822,28817,10.58.99.23,,1439585242,instapayment,6393852216571920
823,8674,166.240.94.167,,1397492300,diners-club-international,36937552574908
824,12472,20.57.245.27,,1360711952,jcb,3549745225636460
825,44297,100.8.210.62,,1411650134,visa-electron,4917939405794270
826,20940,23.213.5.21,,1310312102,maestro,6304960509434470000
827,32189,140.243.240.48,,1473701234,mastercard,5100137866793610
828,82667,151.33.149.21,,1295987945,jcb,3556615030087670
829,63882,251.170.227.91,,1319063630,americanexpress,372301258192238
830,57258,48.23.38.176,,1385656007,china-unionpay,560225080952800000
831,6277,58.29.6.53,,1326272076,jcb,3545466221083070
832,40134,10.97.213.198,,1420922753,bankcard,5610552537728810
833,71431,37.169.138.222,,1429526636,jcb,3557829500946430
834,17988,41.41.35.63,,1464230447,jcb,3547611765171840
835,69387,215.39.121.49,,1440875001,mastercard,5108752707856860
836,88088,74.58.70.254,,1378451983,visa-electron,4508442210355230
837,22172,242.61.104.55,,1452548042,jcb,3561831041427110
838,31539,89.241.212.224,,1325588646,jcb,3586522714632310
839,77072,225.102.31.161,,1346498118,visa-electron,4175002684825220
840,54773,55.231.246.252,,1302057912,maestro,67638863588060200
841,21612,164.112.165.3,,1478747790,mastercard,5100172043723300
842,15261,82.25.95.140,,1432374377,visa,4041378009797360
843,33450,80.13.191.26,,1486250809,mastercard,5007662031911250
844,82392,204.111.110.212,,1343959616,laser,6304218511051090
845,72179,253.239.185.43,,1354126100,mastercard,5100147591232030
846,70574,183.186.88.154,,1371137655,mastercard,5378105641902130
847,24997,160.79.208.56,,1446960637,maestro,676305595995790000
848,79606,28.126.94.203,,1313223265,jcb,3569455105130010
849,63005,4.197.199.136,,1335114121,switch,6759270690735580
850,43883,1.116.124.14,,1400107064,switch,6333338111562580000
851,36556,229.183.106.28,,1313041782,jcb,3587820608149850
852,6051,173.134.223.24,,1370511752,jcb,3573375513512630
853,76911,131.60.113.98,,1395896681,maestro,5018327716344470000
854,26359,151.186.77.89,,1377982917,laser,6706786891811150000
855,73435,28.83.196.11,,1380836453,jcb,3563069960975680
856,68776,141.106.94.232,,1465910356,laser,63047868141262800
857,57570,146.238.219.99,,1453614000,visa-electron,4913933485455040
858,66027,111.114.24.96,,1370849583,visa,4041379102341290
859,33290,242.93.94.177,,1478985705,mastercard,5364994004888350
860,49000,228.87.183.194,,1359418769,visa-electron,4508581376954690
861,9306,103.7.62.93,,1416343714,maestro,6763777709654480
862,82831,190.93.180.241,,1387414174,jcb,3538384782718810
863,12521,108.79.26.122,,1438102513,diners-club-carte-blanche,30352518424964
864,78736,137.160.14.169,,1424817968,jcb,3588941717311180
865,70342,249.133.102.169,,1319613834,diners-club-enroute,201514343576556
866,21364,11.173.145.250,,1482422035,americanexpress,374283202075172
867,15926,199.15.109.62,,1381969219,jcb,3562625994491630
868,25905,1.23.248.0,,1392901384,mastercard,5108757342125440
869,7551,87.185.115.102,,1341943705,diners-club-enroute,201920759529627
870,8085,36.223.177.175,,1313321808,switch,6333687158495440000
871,51500,17.128.82.152,,1472961615,jcb,3557613323024760
872,5668,107.188.80.63,,1467301441,mastercard,5276328457868060
873,6595,198.139.216.216,,1391341414,jcb,3589036151637040
874,76153,245.88.223.53,,1396856134,jcb,3544423926416740
875,52461,197.236.234.207,,1325780676,solo,6334476183937410
876,14762,29.188.21.248,,1429976233,maestro,58938668979509900
877,73738,244.57.21.53,,1357024242,visa,4041596598995
878,18504,115.128.101.126,,1439069307,diners-club-carte-blanche,30101963961164
879,72190,205.139.112.159,,1445780027,americanexpress,374622755524609
880,29095,84.95.212.165,,1452562962,maestro,6762393585825400000
881,33462,37.42.188.135,,1464825399,visa,4777309378601
882,79950,248.253.97.147,,1441551530,maestro,676343930052119000
883,49268,169.124.239.98,,1394237261,jcb,3529847614876450
884,45531,216.130.57.101,,1440435765,jcb,3563895997097940
885,83925,172.17.91.239,,1437735743,jcb,3582240096273330
886,54548,134.145.114.213,,1343983514,jcb,3581638059709040
887,67999,29.207.172.171,,1484301700,diners-club-carte-blanche,30030347298409
888,5254,56.145.228.79,,1375572079,jcb,3561845002474420
889,46526,165.34.40.162,,1321491084,mastercard,5108752137151070
890,29680,138.249.91.201,,1453817394,visa-electron,4913130539057860
891,79574,155.119.205.157,,1436142558,mastercard,5100146196896160
892,43601,67.229.40.187,,1447919699,jcb,3541793763407240
893,82680,82.99.12.240,,1457847638,jcb,3539673594687170
894,86236,113.13.109.135,,1416802695,americanexpress,372301260252780
895,61928,155.3.173.157,,1363944241,maestro,5020110386103560
896,68872,66.36.21.87,,1486790808,laser,6706440790126480
897,33294,57.122.48.193,,1440758934,jcb,3572994307194520
898,48183,179.143.117.100,,1372794979,jcb,3556547188343730
899,69024,254.178.238.208,,1492008458,laser,67713576698314100
900,58009,25.164.227.60,,1368906855,china-unionpay,561071070674760000
901,87952,61.17.95.125,,1433528713,jcb,3575269444646680
902,15256,104.66.70.102,,1451107816,jcb,3530166061126140
903,72935,21.211.144.178,,1325669377,jcb,3555860729340820
904,8510,197.113.250.127,,1298457943,jcb,3574212344523350
905,89288,217.78.249.219,,1437267628,jcb,3530923241038270
906,75115,73.7.167.38,,1358012001,diners-club-enroute,201691442782051
907,45649,145.13.86.7,,1489038044,diners-club-enroute,201863928686664
908,75462,76.43.2.154,,1381137318,diners-club-carte-blanche,30316191753569
909,29553,125.21.27.188,,1437411686,jcb,3574463927914250
910,68408,27.201.127.56,,1493910968,jcb,3561844007381810
911,53633,17.76.105.189,,1404169643,switch,633110144888224000
912,71511,245.212.43.137,,1419416674,jcb,3554775046333210
913,7015,236.132.44.193,,1366281334,jcb,3580568951670220
914,86263,241.165.234.101,,1451068029,maestro,63049211024999300
915,79821,80.106.51.42,,1416277985,visa-electron,4913688664274100
916,55606,12.145.23.225,,1360162979,jcb,3578107442445580
917,77788,26.196.207.2,,1435901539,jcb,3585881222767350
918,53657,144.162.95.39,,1344673160,mastercard,5010127566160730
919,46290,31.171.53.124,,1356500760,jcb,3537956063488050
920,22412,187.103.123.178,,1371288806,diners-club-us-ca,5419734271696890
921,43028,210.86.212.94,,1295450318,jcb,3548875540479670
922,48219,25.12.165.161,,1344085553,china-unionpay,5602235184217880000
923,41693,52.202.4.204,,1429802021,visa,4041375775557240
924,37232,247.75.157.11,,1381297588,jcb,3586757637493250
925,21573,83.161.249.103,,1343343817,jcb,3558704272072530
926,62746,25.5.166.19,,1462413290,jcb,3536898683761280
927,61768,39.28.141.123,,1433746615,jcb,3548136271980590
928,68532,235.239.223.195,,1460343979,americanexpress,337941194457015
929,83391,210.84.187.161,,1491317171,jcb,3544201768271940
930,65380,69.74.192.94,,1350417352,americanexpress,341358879774941
931,30848,122.0.29.104,,1482586139,solo,6334424879550310000
932,68367,67.95.90.72,,1313896999,china-unionpay,56103112752114600
933,84614,209.128.167.211,,1370143867,jcb,3544004359364700
934,87615,209.79.83.51,,1335526888,jcb,3529318689227310
935,38215,80.216.127.40,,1425336194,diners-club-carte-blanche,30181117495681
936,58478,175.217.231.49,,1384314469,maestro,50202026861154000
937,11925,149.178.187.1,,1425502868,jcb,3541702366740570
938,43187,180.93.168.150,,1493751023,visa-electron,4026531219630900
939,26541,61.76.109.133,,1372092823,jcb,3586097656553100
940,45186,74.25.7.228,,1367118353,mastercard,5284146403689090
941,43374,134.99.180.186,,1389435895,maestro,5020223755207390000
942,48336,204.247.91.230,,1450980504,solo,633456229816570000
943,63988,77.165.176.241,,1357980597,diners-club-us-ca,5441215990030590
944,14598,205.73.49.167,,1400402020,mastercard,5384672928519950
945,45378,129.132.176.76,,1342567722,jcb,3542659939798120
946,89307,37.167.145.83,,1303407275,switch,490392712707553000
947,48605,202.232.1.33,,1414901277,jcb,3564966276112240
948,72189,128.224.155.139,,1332924295,jcb,3547038778393390
949,15798,23.60.47.238,,1344678058,china-unionpay,5602217023954180000
950,36487,191.122.201.188,,1404266505,jcb,3572375175734010
951,65882,221.213.149.55,,1340045562,mastercard,5520648608655410
952,85192,80.53.46.187,,1415766368,laser,6304453363519890000
953,43900,187.44.4.235,,1297977783,diners-club-enroute,201440703696968
954,89682,172.212.186.46,,1488332873,jcb,3575639012824530
955,65141,183.108.142.147,,1437608081,jcb,3543829937600660
956,13505,143.2.236.242,,1433429309,diners-club-enroute,201921567885052
957,79185,175.14.153.51,,1473447402,solo,6767679576685470000
958,85646,118.202.15.53,,1475406205,maestro,6040004178418300
959,8474,135.55.175.193,,1423052220,mastercard,5048373202818200
960,87173,13.176.3.96,,1295012977,maestro,67631528543732500
961,54423,102.242.226.129,,1311341368,bankcard,5610319696623540
962,10700,235.50.6.169,,1419793359,jcb,3587041337085430
963,64208,92.26.0.20,,1297893511,diners-club-enroute,201968768935806
964,73821,223.113.132.53,,1489228557,jcb,3572570038957160
965,86400,91.85.213.90,,1460650931,maestro,6762596892250940000
966,54890,113.184.72.0,,1304857811,maestro,60405467211266000
967,61552,64.26.64.230,,1298855325,jcb,3560993931087130
968,89094,233.221.171.187,,1484586546,jcb,3549412355573750
969,45981,136.93.136.236,,1341346695,maestro,67629466310299400
970,77605,17.178.21.146,,1485624933,jcb,3584236471491630
971,58610,147.203.179.34,,1450177839,diners-club-us-ca,5400746823830220
972,39650,117.151.215.26,,1453309094,jcb,3576429245887000
973,47281,88.4.78.51,,1406683360,diners-club-enroute,201920457597959
974,58828,103.32.34.131,,1344743090,visa-electron,4844360447113790
975,7188,154.75.30.72,,1314785860,jcb,3564839490511180
976,82860,90.67.116.48,,1370980799,bankcard,5602222257019950
977,86080,211.143.57.98,,1357187293,bankcard,5602258881501640
978,48658,242.187.60.221,,1325686773,jcb,3530682535880360
979,83775,117.14.40.159,,1468926739,diners-club-international,36975256783839
980,76264,101.8.113.85,,1411057357,switch,6333284421165570000
981,39169,96.30.170.80,,1408514660,americanexpress,341403917173530
982,29019,178.94.137.212,,1348290791,mastercard,5010122717942060
983,65416,182.57.99.232,,1320699585,china-unionpay,5602254480379140000
984,67142,191.110.118.21,,1396397593,switch,4903068459398410
985,27234,11.114.28.190,,1305124529,jcb,3561071447588630
986,68687,246.170.236.40,,1441607073,jcb,3585153247525430
987,67241,158.90.204.130,,1329134327,switch,6333109686677180
988,80501,121.117.47.225,,1461208520,jcb,3585851921753880
989,79158,117.58.155.196,,1362201553,jcb,3567504613468580
990,47524,13.18.127.248,,1330465354,americanexpress,374288358310406
991,52732,141.69.221.237,,1373324266,americanexpress,372233884748127
992,46293,208.228.240.137,,1397305447,jcb,3556388239794920
993,22632,159.135.200.232,,1421594695,jcb,3547678636368360
994,53937,131.234.58.238,,1450598751,mastercard,5137840050061310
995,25666,31.38.206.40,,1460882891,jcb,3551530282719890
996,42074,205.119.138.3,,1306836239,diners-club-enroute,201893806753781
997,54430,2.253.21.102,,1440596421,americanexpress,348216345896065
998,54768,198.138.211.63,,1470630533,jcb,3579266736543280
999,36028,249.136.215.247,,1354057456,jcb,3563368854611440
1000,52211,80.101.189.151,,1446087931,maestro,50184352727593300
